/*
SQLyog Enterprise - MySQL GUI v8.05 
MySQL - 5.6.21 : Database - kuliah_web
*********************************************************************
*/

/*!40101 SET NAMES utf8 */;

/*!40101 SET SQL_MODE=''*/;

/*!40101 SET @OLD_SQL_MODE=@@SQL_MODE, SQL_MODE='NO_AUTO_VALUE_ON_ZERO' */;

/*Table structure for table `lv_kota` */

CREATE TABLE `lv_kota` (
  `kodekota` varchar(4) NOT NULL,
  `namakota` varchar(50) DEFAULT NULL,
  `tipekota` varchar(1) DEFAULT NULL,
  `kodepropinsi` varchar(2) DEFAULT NULL,
  PRIMARY KEY (`kodekota`),
  KEY `FK_lv_kota` (`kodepropinsi`),
  CONSTRAINT `FK_lv_kota` FOREIGN KEY (`kodepropinsi`) REFERENCES `lv_propinsi` (`kodepropinsi`) ON UPDATE CASCADE
) ENGINE=InnoDB DEFAULT CHARSET=latin1;

/*Data for the table `lv_kota` */

insert  into `lv_kota`(`kodekota`,`namakota`,`tipekota`,`kodepropinsi`) values ('0101','KAB. KEPULAUAN SERIBU','B','01');
insert  into `lv_kota`(`kodekota`,`namakota`,`tipekota`,`kodepropinsi`) values ('0151','KOTA JAKARTA SELATAN','T','01');
insert  into `lv_kota`(`kodekota`,`namakota`,`tipekota`,`kodepropinsi`) values ('0152','KOTA JAKARTA TIMUR','T','01');
insert  into `lv_kota`(`kodekota`,`namakota`,`tipekota`,`kodepropinsi`) values ('0153','KOTA JAKARTA PUSAT','T','01');
insert  into `lv_kota`(`kodekota`,`namakota`,`tipekota`,`kodepropinsi`) values ('0154','KOTA JAKARTA BARAT','T','01');
insert  into `lv_kota`(`kodekota`,`namakota`,`tipekota`,`kodepropinsi`) values ('0155','KOTA JAKARTA UTARA','T','01');
insert  into `lv_kota`(`kodekota`,`namakota`,`tipekota`,`kodepropinsi`) values ('0201','KAB. BOGOR','B','02');
insert  into `lv_kota`(`kodekota`,`namakota`,`tipekota`,`kodepropinsi`) values ('0202','KAB. SUKABUMI','B','02');
insert  into `lv_kota`(`kodekota`,`namakota`,`tipekota`,`kodepropinsi`) values ('0203','KAB. CIANJUR','B','02');
insert  into `lv_kota`(`kodekota`,`namakota`,`tipekota`,`kodepropinsi`) values ('0204','KAB. BANDUNG','B','02');
insert  into `lv_kota`(`kodekota`,`namakota`,`tipekota`,`kodepropinsi`) values ('0205','KAB. GARUT','B','02');
insert  into `lv_kota`(`kodekota`,`namakota`,`tipekota`,`kodepropinsi`) values ('0206','KAB. TASIKMALAYA','B','02');
insert  into `lv_kota`(`kodekota`,`namakota`,`tipekota`,`kodepropinsi`) values ('0207','KAB. CIAMIS','B','02');
insert  into `lv_kota`(`kodekota`,`namakota`,`tipekota`,`kodepropinsi`) values ('0208','KAB. KUNINGAN','B','02');
insert  into `lv_kota`(`kodekota`,`namakota`,`tipekota`,`kodepropinsi`) values ('0209','KAB. CIREBON','B','02');
insert  into `lv_kota`(`kodekota`,`namakota`,`tipekota`,`kodepropinsi`) values ('0210','KAB. MAJALENGKA','B','02');
insert  into `lv_kota`(`kodekota`,`namakota`,`tipekota`,`kodepropinsi`) values ('0211','KAB. SUMEDANG','B','02');
insert  into `lv_kota`(`kodekota`,`namakota`,`tipekota`,`kodepropinsi`) values ('0212','KAB. INDRAMAYU','B','02');
insert  into `lv_kota`(`kodekota`,`namakota`,`tipekota`,`kodepropinsi`) values ('0213','KAB. SUBANG','B','02');
insert  into `lv_kota`(`kodekota`,`namakota`,`tipekota`,`kodepropinsi`) values ('0214','KAB. PURWAKARTA','B','02');
insert  into `lv_kota`(`kodekota`,`namakota`,`tipekota`,`kodepropinsi`) values ('0215','KAB. KARAWANG','B','02');
insert  into `lv_kota`(`kodekota`,`namakota`,`tipekota`,`kodepropinsi`) values ('0216','KAB. BEKASI','B','02');
insert  into `lv_kota`(`kodekota`,`namakota`,`tipekota`,`kodepropinsi`) values ('0251','KOTA BOGOR','T','02');
insert  into `lv_kota`(`kodekota`,`namakota`,`tipekota`,`kodepropinsi`) values ('0252','KOTA SUKABUMI','T','02');
insert  into `lv_kota`(`kodekota`,`namakota`,`tipekota`,`kodepropinsi`) values ('0253','KOTA BANDUNG','T','02');
insert  into `lv_kota`(`kodekota`,`namakota`,`tipekota`,`kodepropinsi`) values ('0254','KOTA CIREBON','T','02');
insert  into `lv_kota`(`kodekota`,`namakota`,`tipekota`,`kodepropinsi`) values ('0255','KOTA BEKASI','T','02');
insert  into `lv_kota`(`kodekota`,`namakota`,`tipekota`,`kodepropinsi`) values ('0256','KOTA DEPOK','T','02');
insert  into `lv_kota`(`kodekota`,`namakota`,`tipekota`,`kodepropinsi`) values ('0257','KOTA CIMAHI','T','02');
insert  into `lv_kota`(`kodekota`,`namakota`,`tipekota`,`kodepropinsi`) values ('0258','KOTA TASIKMALAYA','T','02');
insert  into `lv_kota`(`kodekota`,`namakota`,`tipekota`,`kodepropinsi`) values ('0259','KOTA BANJAR','T','02');
insert  into `lv_kota`(`kodekota`,`namakota`,`tipekota`,`kodepropinsi`) values ('0301','KAB. CILACAP','B','03');
insert  into `lv_kota`(`kodekota`,`namakota`,`tipekota`,`kodepropinsi`) values ('0302','KAB. BANYUMAS','B','03');
insert  into `lv_kota`(`kodekota`,`namakota`,`tipekota`,`kodepropinsi`) values ('0303','KAB. PURBALINGGA','B','03');
insert  into `lv_kota`(`kodekota`,`namakota`,`tipekota`,`kodepropinsi`) values ('0304','KAB. BANJARNEGARA','B','03');
insert  into `lv_kota`(`kodekota`,`namakota`,`tipekota`,`kodepropinsi`) values ('0305','KAB. KEBUMEN','B','03');
insert  into `lv_kota`(`kodekota`,`namakota`,`tipekota`,`kodepropinsi`) values ('0306','KAB. PURWOREJO','B','03');
insert  into `lv_kota`(`kodekota`,`namakota`,`tipekota`,`kodepropinsi`) values ('0307','KAB. WONOSOBO','B','03');
insert  into `lv_kota`(`kodekota`,`namakota`,`tipekota`,`kodepropinsi`) values ('0308','KAB. MAGELANG','B','03');
insert  into `lv_kota`(`kodekota`,`namakota`,`tipekota`,`kodepropinsi`) values ('0309','KAB. BOYOLALI','B','03');
insert  into `lv_kota`(`kodekota`,`namakota`,`tipekota`,`kodepropinsi`) values ('0310','KAB. KLATEN','B','03');
insert  into `lv_kota`(`kodekota`,`namakota`,`tipekota`,`kodepropinsi`) values ('0311','KAB. SUKOHARJO','B','03');
insert  into `lv_kota`(`kodekota`,`namakota`,`tipekota`,`kodepropinsi`) values ('0312','KAB. WONOGIRI','B','03');
insert  into `lv_kota`(`kodekota`,`namakota`,`tipekota`,`kodepropinsi`) values ('0313','KAB. KARANGANYAR','B','03');
insert  into `lv_kota`(`kodekota`,`namakota`,`tipekota`,`kodepropinsi`) values ('0314','KAB. SRAGEN','B','03');
insert  into `lv_kota`(`kodekota`,`namakota`,`tipekota`,`kodepropinsi`) values ('0315','KAB. GROBOGAN','B','03');
insert  into `lv_kota`(`kodekota`,`namakota`,`tipekota`,`kodepropinsi`) values ('0316','KAB. BLORA','B','03');
insert  into `lv_kota`(`kodekota`,`namakota`,`tipekota`,`kodepropinsi`) values ('0317','KAB. REMBANG','B','03');
insert  into `lv_kota`(`kodekota`,`namakota`,`tipekota`,`kodepropinsi`) values ('0318','KAB. PATI','B','03');
insert  into `lv_kota`(`kodekota`,`namakota`,`tipekota`,`kodepropinsi`) values ('0319','KAB. KUDUS','B','03');
insert  into `lv_kota`(`kodekota`,`namakota`,`tipekota`,`kodepropinsi`) values ('0320','KAB. JEPARA','B','03');
insert  into `lv_kota`(`kodekota`,`namakota`,`tipekota`,`kodepropinsi`) values ('0321','KAB. DEMAK','B','03');
insert  into `lv_kota`(`kodekota`,`namakota`,`tipekota`,`kodepropinsi`) values ('0322','KAB. SEMARANG','B','03');
insert  into `lv_kota`(`kodekota`,`namakota`,`tipekota`,`kodepropinsi`) values ('0323','KAB. TEMANGGUNG','B','03');
insert  into `lv_kota`(`kodekota`,`namakota`,`tipekota`,`kodepropinsi`) values ('0324','KAB. KENDAL','B','03');
insert  into `lv_kota`(`kodekota`,`namakota`,`tipekota`,`kodepropinsi`) values ('0325','KAB. BATANG','B','03');
insert  into `lv_kota`(`kodekota`,`namakota`,`tipekota`,`kodepropinsi`) values ('0326','KAB. PEKALONGAN','B','03');
insert  into `lv_kota`(`kodekota`,`namakota`,`tipekota`,`kodepropinsi`) values ('0327','KAB. PEMALANG','B','03');
insert  into `lv_kota`(`kodekota`,`namakota`,`tipekota`,`kodepropinsi`) values ('0328','KAB. TEGAL','B','03');
insert  into `lv_kota`(`kodekota`,`namakota`,`tipekota`,`kodepropinsi`) values ('0329','KAB. BREBES','B','03');
insert  into `lv_kota`(`kodekota`,`namakota`,`tipekota`,`kodepropinsi`) values ('0351','KOTA MAGELANG','T','03');
insert  into `lv_kota`(`kodekota`,`namakota`,`tipekota`,`kodepropinsi`) values ('0352','KOTA SURAKARTA','T','03');
insert  into `lv_kota`(`kodekota`,`namakota`,`tipekota`,`kodepropinsi`) values ('0353','KOTA SALATIGA','T','03');
insert  into `lv_kota`(`kodekota`,`namakota`,`tipekota`,`kodepropinsi`) values ('0354','KOTA SEMARANG','T','03');
insert  into `lv_kota`(`kodekota`,`namakota`,`tipekota`,`kodepropinsi`) values ('0355','KOTA PEKALONGAN','T','03');
insert  into `lv_kota`(`kodekota`,`namakota`,`tipekota`,`kodepropinsi`) values ('0356','KOTA TEGAL','T','03');
insert  into `lv_kota`(`kodekota`,`namakota`,`tipekota`,`kodepropinsi`) values ('0401','KAB. KULON PROGO','B','04');
insert  into `lv_kota`(`kodekota`,`namakota`,`tipekota`,`kodepropinsi`) values ('0402','KAB. BANTUL','B','04');
insert  into `lv_kota`(`kodekota`,`namakota`,`tipekota`,`kodepropinsi`) values ('0403','KAB. GUNUNG KIDUL','B','04');
insert  into `lv_kota`(`kodekota`,`namakota`,`tipekota`,`kodepropinsi`) values ('0404','KAB. SLEMAN','B','04');
insert  into `lv_kota`(`kodekota`,`namakota`,`tipekota`,`kodepropinsi`) values ('0451','KOTA YOGYAKARTA','T','04');
insert  into `lv_kota`(`kodekota`,`namakota`,`tipekota`,`kodepropinsi`) values ('0501','KAB. PACITAN','B','05');
insert  into `lv_kota`(`kodekota`,`namakota`,`tipekota`,`kodepropinsi`) values ('0502','KAB. PONOROGO','B','05');
insert  into `lv_kota`(`kodekota`,`namakota`,`tipekota`,`kodepropinsi`) values ('0503','KAB. TRENGGALEK','B','05');
insert  into `lv_kota`(`kodekota`,`namakota`,`tipekota`,`kodepropinsi`) values ('0504','KAB. TULUNGAGUNG','B','05');
insert  into `lv_kota`(`kodekota`,`namakota`,`tipekota`,`kodepropinsi`) values ('0505','KAB. BLITAR','B','05');
insert  into `lv_kota`(`kodekota`,`namakota`,`tipekota`,`kodepropinsi`) values ('0506','KAB. KEDIRI','B','05');
insert  into `lv_kota`(`kodekota`,`namakota`,`tipekota`,`kodepropinsi`) values ('0507','KAB. MALANG','B','05');
insert  into `lv_kota`(`kodekota`,`namakota`,`tipekota`,`kodepropinsi`) values ('0508','KAB. LUMAJANG','B','05');
insert  into `lv_kota`(`kodekota`,`namakota`,`tipekota`,`kodepropinsi`) values ('0509','KAB. JEMBER','B','05');
insert  into `lv_kota`(`kodekota`,`namakota`,`tipekota`,`kodepropinsi`) values ('0510','KAB. BANYUWANGI','B','05');
insert  into `lv_kota`(`kodekota`,`namakota`,`tipekota`,`kodepropinsi`) values ('0511','KAB. BONDOWOSO','B','05');
insert  into `lv_kota`(`kodekota`,`namakota`,`tipekota`,`kodepropinsi`) values ('0512','KAB. SITUBONDO','B','05');
insert  into `lv_kota`(`kodekota`,`namakota`,`tipekota`,`kodepropinsi`) values ('0513','KAB. PROBOLINGGO','B','05');
insert  into `lv_kota`(`kodekota`,`namakota`,`tipekota`,`kodepropinsi`) values ('0514','KAB. PASURUAN','B','05');
insert  into `lv_kota`(`kodekota`,`namakota`,`tipekota`,`kodepropinsi`) values ('0515','KAB. SIDOARJO','B','05');
insert  into `lv_kota`(`kodekota`,`namakota`,`tipekota`,`kodepropinsi`) values ('0516','KAB. MOJOKERTO','B','05');
insert  into `lv_kota`(`kodekota`,`namakota`,`tipekota`,`kodepropinsi`) values ('0517','KAB. JOMBANG','B','05');
insert  into `lv_kota`(`kodekota`,`namakota`,`tipekota`,`kodepropinsi`) values ('0518','KAB. NGANJUK','B','05');
insert  into `lv_kota`(`kodekota`,`namakota`,`tipekota`,`kodepropinsi`) values ('0519','KAB. MADIUN','B','05');
insert  into `lv_kota`(`kodekota`,`namakota`,`tipekota`,`kodepropinsi`) values ('0520','KAB. MAGETAN','B','05');
insert  into `lv_kota`(`kodekota`,`namakota`,`tipekota`,`kodepropinsi`) values ('0521','KAB. NGAWI','B','05');
insert  into `lv_kota`(`kodekota`,`namakota`,`tipekota`,`kodepropinsi`) values ('0522','KAB. BOJONEGORO','B','05');
insert  into `lv_kota`(`kodekota`,`namakota`,`tipekota`,`kodepropinsi`) values ('0523','KAB. TUBAN','B','05');
insert  into `lv_kota`(`kodekota`,`namakota`,`tipekota`,`kodepropinsi`) values ('0524','KAB. LAMONGAN','B','05');
insert  into `lv_kota`(`kodekota`,`namakota`,`tipekota`,`kodepropinsi`) values ('0525','KAB. GRESIK','B','05');
insert  into `lv_kota`(`kodekota`,`namakota`,`tipekota`,`kodepropinsi`) values ('0526','KAB. BANGKALAN','B','05');
insert  into `lv_kota`(`kodekota`,`namakota`,`tipekota`,`kodepropinsi`) values ('0527','KAB. SAMPANG','B','05');
insert  into `lv_kota`(`kodekota`,`namakota`,`tipekota`,`kodepropinsi`) values ('0528','KAB. PAMEKASAN','B','05');
insert  into `lv_kota`(`kodekota`,`namakota`,`tipekota`,`kodepropinsi`) values ('0529','KAB. SUMENEP','B','05');
insert  into `lv_kota`(`kodekota`,`namakota`,`tipekota`,`kodepropinsi`) values ('0551','KOTA KEDIRI','T','05');
insert  into `lv_kota`(`kodekota`,`namakota`,`tipekota`,`kodepropinsi`) values ('0552','KOTA BLITAR','T','05');
insert  into `lv_kota`(`kodekota`,`namakota`,`tipekota`,`kodepropinsi`) values ('0553','KOTA MALANG','T','05');
insert  into `lv_kota`(`kodekota`,`namakota`,`tipekota`,`kodepropinsi`) values ('0554','KOTA PROBOLINGGO','T','05');
insert  into `lv_kota`(`kodekota`,`namakota`,`tipekota`,`kodepropinsi`) values ('0555','KOTA PASURUAN','T','05');
insert  into `lv_kota`(`kodekota`,`namakota`,`tipekota`,`kodepropinsi`) values ('0556','KOTA MOJOKERTO','T','05');
insert  into `lv_kota`(`kodekota`,`namakota`,`tipekota`,`kodepropinsi`) values ('0557','KOTA MADIUN','T','05');
insert  into `lv_kota`(`kodekota`,`namakota`,`tipekota`,`kodepropinsi`) values ('0558','KOTA SURABAYA','T','05');
insert  into `lv_kota`(`kodekota`,`namakota`,`tipekota`,`kodepropinsi`) values ('0559','KOTA BATU','T','05');
insert  into `lv_kota`(`kodekota`,`namakota`,`tipekota`,`kodepropinsi`) values ('0601','KAB. SIMEULUE SINABUNG','B','06');
insert  into `lv_kota`(`kodekota`,`namakota`,`tipekota`,`kodepropinsi`) values ('0602','KAB. ACEH SINGKIL','B','06');
insert  into `lv_kota`(`kodekota`,`namakota`,`tipekota`,`kodepropinsi`) values ('0603','KAB. ACEH SELATAN','B','06');
insert  into `lv_kota`(`kodekota`,`namakota`,`tipekota`,`kodepropinsi`) values ('0604','KAB. ACEH TENGGARA','B','06');
insert  into `lv_kota`(`kodekota`,`namakota`,`tipekota`,`kodepropinsi`) values ('0605','KAB. ACEH TIMUR','B','06');
insert  into `lv_kota`(`kodekota`,`namakota`,`tipekota`,`kodepropinsi`) values ('0606','KAB. ACEH TENGAH','B','06');
insert  into `lv_kota`(`kodekota`,`namakota`,`tipekota`,`kodepropinsi`) values ('0607','KAB. ACEH BARAT','B','06');
insert  into `lv_kota`(`kodekota`,`namakota`,`tipekota`,`kodepropinsi`) values ('0608','KAB. ACEH BESAR','B','06');
insert  into `lv_kota`(`kodekota`,`namakota`,`tipekota`,`kodepropinsi`) values ('0609','KAB. PIDIE','B','06');
insert  into `lv_kota`(`kodekota`,`namakota`,`tipekota`,`kodepropinsi`) values ('0610','KAB. BIREUEN','B','06');
insert  into `lv_kota`(`kodekota`,`namakota`,`tipekota`,`kodepropinsi`) values ('0611','KAB. ACEH UTARA','B','06');
insert  into `lv_kota`(`kodekota`,`namakota`,`tipekota`,`kodepropinsi`) values ('0612','KAB. ACEH BARAT DAYA','B','06');
insert  into `lv_kota`(`kodekota`,`namakota`,`tipekota`,`kodepropinsi`) values ('0613','KAB. GAYO LUES','B','06');
insert  into `lv_kota`(`kodekota`,`namakota`,`tipekota`,`kodepropinsi`) values ('0614','KAB. ACEH TAMIANG','B','06');
insert  into `lv_kota`(`kodekota`,`namakota`,`tipekota`,`kodepropinsi`) values ('0615','KAB. NAGAN RAYA','B','06');
insert  into `lv_kota`(`kodekota`,`namakota`,`tipekota`,`kodepropinsi`) values ('0616','KAB. ACEH JAYA','B','06');
insert  into `lv_kota`(`kodekota`,`namakota`,`tipekota`,`kodepropinsi`) values ('0651','KOTA BANDA ACEH','T','06');
insert  into `lv_kota`(`kodekota`,`namakota`,`tipekota`,`kodepropinsi`) values ('0652','KOTA SABANG','T','06');
insert  into `lv_kota`(`kodekota`,`namakota`,`tipekota`,`kodepropinsi`) values ('0653','KOTA LANGSA','T','06');
insert  into `lv_kota`(`kodekota`,`namakota`,`tipekota`,`kodepropinsi`) values ('0654','KOTA LHOKSEUMAWE','T','06');
insert  into `lv_kota`(`kodekota`,`namakota`,`tipekota`,`kodepropinsi`) values ('0701','KAB. NIAS','B','07');
insert  into `lv_kota`(`kodekota`,`namakota`,`tipekota`,`kodepropinsi`) values ('0702','KAB. MANDAILING NATAL','B','07');
insert  into `lv_kota`(`kodekota`,`namakota`,`tipekota`,`kodepropinsi`) values ('0703','KAB. TAPANULI SELATAN','B','07');
insert  into `lv_kota`(`kodekota`,`namakota`,`tipekota`,`kodepropinsi`) values ('0704','KAB. TAPANULI TENGAH','B','07');
insert  into `lv_kota`(`kodekota`,`namakota`,`tipekota`,`kodepropinsi`) values ('0705','KAB. TAPANULI UTARA','B','07');
insert  into `lv_kota`(`kodekota`,`namakota`,`tipekota`,`kodepropinsi`) values ('0706','KAB. TOBA SAMOSIR','B','07');
insert  into `lv_kota`(`kodekota`,`namakota`,`tipekota`,`kodepropinsi`) values ('0707','KAB. LABUHAN BATU','B','07');
insert  into `lv_kota`(`kodekota`,`namakota`,`tipekota`,`kodepropinsi`) values ('0708','KAB. ASAHAN','B','07');
insert  into `lv_kota`(`kodekota`,`namakota`,`tipekota`,`kodepropinsi`) values ('0709','KAB. SIMALUNGUN','B','07');
insert  into `lv_kota`(`kodekota`,`namakota`,`tipekota`,`kodepropinsi`) values ('0710','KAB. DAIRI','B','07');
insert  into `lv_kota`(`kodekota`,`namakota`,`tipekota`,`kodepropinsi`) values ('0711','KAB. KARO','B','07');
insert  into `lv_kota`(`kodekota`,`namakota`,`tipekota`,`kodepropinsi`) values ('0712','KAB. DELI SERDANG','B','07');
insert  into `lv_kota`(`kodekota`,`namakota`,`tipekota`,`kodepropinsi`) values ('0713','KAB. LANGKAT','B','07');
insert  into `lv_kota`(`kodekota`,`namakota`,`tipekota`,`kodepropinsi`) values ('0714','KAB. NIAS SELATAN','B','07');
insert  into `lv_kota`(`kodekota`,`namakota`,`tipekota`,`kodepropinsi`) values ('0715','KAB. HUMBANG HASUNDUTAN','B','07');
insert  into `lv_kota`(`kodekota`,`namakota`,`tipekota`,`kodepropinsi`) values ('0716','KAB. PAK-PAK BARAT','B','07');
insert  into `lv_kota`(`kodekota`,`namakota`,`tipekota`,`kodepropinsi`) values ('0751','KOTA SIBOLGA','T','07');
insert  into `lv_kota`(`kodekota`,`namakota`,`tipekota`,`kodepropinsi`) values ('0752','KOTA TANJUNG BALAI','T','07');
insert  into `lv_kota`(`kodekota`,`namakota`,`tipekota`,`kodepropinsi`) values ('0753','KOTA PEMATANG SIANTAR','T','07');
insert  into `lv_kota`(`kodekota`,`namakota`,`tipekota`,`kodepropinsi`) values ('0754','KOTA TEBING TINGGI','T','07');
insert  into `lv_kota`(`kodekota`,`namakota`,`tipekota`,`kodepropinsi`) values ('0755','KOTA MEDAN','T','07');
insert  into `lv_kota`(`kodekota`,`namakota`,`tipekota`,`kodepropinsi`) values ('0756','KOTA BINJAI','T','07');
insert  into `lv_kota`(`kodekota`,`namakota`,`tipekota`,`kodepropinsi`) values ('0757','KOTA PADANG SIDEMPUAN','T','07');
insert  into `lv_kota`(`kodekota`,`namakota`,`tipekota`,`kodepropinsi`) values ('0801','KAB. KEPULAUAN MENTAWAI','B','08');
insert  into `lv_kota`(`kodekota`,`namakota`,`tipekota`,`kodepropinsi`) values ('0802','KAB. PESISIR SELATAN','B','08');
insert  into `lv_kota`(`kodekota`,`namakota`,`tipekota`,`kodepropinsi`) values ('0803','KAB. SOLOK','B','08');
insert  into `lv_kota`(`kodekota`,`namakota`,`tipekota`,`kodepropinsi`) values ('0804','KAB. SAWAH LUNTO','B','08');
insert  into `lv_kota`(`kodekota`,`namakota`,`tipekota`,`kodepropinsi`) values ('0805','KAB. TANAH DATAR','B','08');
insert  into `lv_kota`(`kodekota`,`namakota`,`tipekota`,`kodepropinsi`) values ('0806','KAB. PADANG PARIAMAN','B','08');
insert  into `lv_kota`(`kodekota`,`namakota`,`tipekota`,`kodepropinsi`) values ('0807','KAB. AGAM','B','08');
insert  into `lv_kota`(`kodekota`,`namakota`,`tipekota`,`kodepropinsi`) values ('0808','KAB. LIMA PULUH KOTO','B','08');
insert  into `lv_kota`(`kodekota`,`namakota`,`tipekota`,`kodepropinsi`) values ('0809','KAB. PASAMAN','B','08');
insert  into `lv_kota`(`kodekota`,`namakota`,`tipekota`,`kodepropinsi`) values ('0851','KOTA PADANG','T','08');
insert  into `lv_kota`(`kodekota`,`namakota`,`tipekota`,`kodepropinsi`) values ('0852','KOTA SOLOK','T','08');
insert  into `lv_kota`(`kodekota`,`namakota`,`tipekota`,`kodepropinsi`) values ('0853','KOTA SAWAH LUNTO','T','08');
insert  into `lv_kota`(`kodekota`,`namakota`,`tipekota`,`kodepropinsi`) values ('0854','KOTA PADANG PANJANG','T','08');
insert  into `lv_kota`(`kodekota`,`namakota`,`tipekota`,`kodepropinsi`) values ('0855','KOTA BUKITTINGGI','T','08');
insert  into `lv_kota`(`kodekota`,`namakota`,`tipekota`,`kodepropinsi`) values ('0856','KOTA PAYAKUMBUH','T','08');
insert  into `lv_kota`(`kodekota`,`namakota`,`tipekota`,`kodepropinsi`) values ('0857','KOTA PARIAMAN','T','08');
insert  into `lv_kota`(`kodekota`,`namakota`,`tipekota`,`kodepropinsi`) values ('0901','KAB. KUANTAN SINGINGI','B','09');
insert  into `lv_kota`(`kodekota`,`namakota`,`tipekota`,`kodepropinsi`) values ('0902','KAB. INDRAGIRI HULU','B','09');
insert  into `lv_kota`(`kodekota`,`namakota`,`tipekota`,`kodepropinsi`) values ('0903','KAB. INDRAGIRI HILIR','B','09');
insert  into `lv_kota`(`kodekota`,`namakota`,`tipekota`,`kodepropinsi`) values ('0904','KAB. PELALAWAN','B','09');
insert  into `lv_kota`(`kodekota`,`namakota`,`tipekota`,`kodepropinsi`) values ('0905','KAB. SIAK','B','09');
insert  into `lv_kota`(`kodekota`,`namakota`,`tipekota`,`kodepropinsi`) values ('0906','KAB. KAMPAR','B','09');
insert  into `lv_kota`(`kodekota`,`namakota`,`tipekota`,`kodepropinsi`) values ('0907','KAB. ROKAN HULU','B','09');
insert  into `lv_kota`(`kodekota`,`namakota`,`tipekota`,`kodepropinsi`) values ('0908','KAB. BENGKALIS','B','09');
insert  into `lv_kota`(`kodekota`,`namakota`,`tipekota`,`kodepropinsi`) values ('0909','KAB. ROKAN HILIR','B','09');
insert  into `lv_kota`(`kodekota`,`namakota`,`tipekota`,`kodepropinsi`) values ('0951','KOTA PEKANBARU','T','09');
insert  into `lv_kota`(`kodekota`,`namakota`,`tipekota`,`kodepropinsi`) values ('0953','KOTA DUMAI','T','09');
insert  into `lv_kota`(`kodekota`,`namakota`,`tipekota`,`kodepropinsi`) values ('1001','KAB. KERINCI','B','10');
insert  into `lv_kota`(`kodekota`,`namakota`,`tipekota`,`kodepropinsi`) values ('1002','KAB. MERANGIN','B','10');
insert  into `lv_kota`(`kodekota`,`namakota`,`tipekota`,`kodepropinsi`) values ('1003','KAB. SAROLANGUN','B','10');
insert  into `lv_kota`(`kodekota`,`namakota`,`tipekota`,`kodepropinsi`) values ('1004','KAB. BATANG HARI','B','10');
insert  into `lv_kota`(`kodekota`,`namakota`,`tipekota`,`kodepropinsi`) values ('1005','KAB. MUARO JAMBI','B','10');
insert  into `lv_kota`(`kodekota`,`namakota`,`tipekota`,`kodepropinsi`) values ('1006','KAB. TANJUNG JABUNG TIMUR','B','10');
insert  into `lv_kota`(`kodekota`,`namakota`,`tipekota`,`kodepropinsi`) values ('1007','KAB. TANJUNG JABUNG BARAT','B','10');
insert  into `lv_kota`(`kodekota`,`namakota`,`tipekota`,`kodepropinsi`) values ('1008','KAB. TEBO','B','10');
insert  into `lv_kota`(`kodekota`,`namakota`,`tipekota`,`kodepropinsi`) values ('1009','KAB. BUNGO','B','10');
insert  into `lv_kota`(`kodekota`,`namakota`,`tipekota`,`kodepropinsi`) values ('1051','KOTA JAMBI','T','10');
insert  into `lv_kota`(`kodekota`,`namakota`,`tipekota`,`kodepropinsi`) values ('1101','KAB. OGAN KOMERING ULU','B','11');
insert  into `lv_kota`(`kodekota`,`namakota`,`tipekota`,`kodepropinsi`) values ('1102','KAB. OGAN KOMERING ILIR','B','11');
insert  into `lv_kota`(`kodekota`,`namakota`,`tipekota`,`kodepropinsi`) values ('1103','KAB. MUARA ENIM','B','11');
insert  into `lv_kota`(`kodekota`,`namakota`,`tipekota`,`kodepropinsi`) values ('1104','KAB. LAHAT','B','11');
insert  into `lv_kota`(`kodekota`,`namakota`,`tipekota`,`kodepropinsi`) values ('1105','KAB. MUSI RAWAS','B','11');
insert  into `lv_kota`(`kodekota`,`namakota`,`tipekota`,`kodepropinsi`) values ('1106','KAB. MUSI BANYUASIN','B','11');
insert  into `lv_kota`(`kodekota`,`namakota`,`tipekota`,`kodepropinsi`) values ('1107','KAB. BANYUASIN','B','11');
insert  into `lv_kota`(`kodekota`,`namakota`,`tipekota`,`kodepropinsi`) values ('1108','KAB. OGAN ILIR','B','11');
insert  into `lv_kota`(`kodekota`,`namakota`,`tipekota`,`kodepropinsi`) values ('1109','KAB. OKU TIMUR','B','11');
insert  into `lv_kota`(`kodekota`,`namakota`,`tipekota`,`kodepropinsi`) values ('1110','KAB. OKU SELATAN','B','11');
insert  into `lv_kota`(`kodekota`,`namakota`,`tipekota`,`kodepropinsi`) values ('1151','KOTA PALEMBANG','T','11');
insert  into `lv_kota`(`kodekota`,`namakota`,`tipekota`,`kodepropinsi`) values ('1152','KOTA PRABUMULIH','T','11');
insert  into `lv_kota`(`kodekota`,`namakota`,`tipekota`,`kodepropinsi`) values ('1153','KOTA PAGARALAM','T','11');
insert  into `lv_kota`(`kodekota`,`namakota`,`tipekota`,`kodepropinsi`) values ('1154','KOTA LUBUK LINGGAU','T','11');
insert  into `lv_kota`(`kodekota`,`namakota`,`tipekota`,`kodepropinsi`) values ('1201','KAB. LAMPUNG BARAT','B','12');
insert  into `lv_kota`(`kodekota`,`namakota`,`tipekota`,`kodepropinsi`) values ('1202','KAB. TANGGAMUS','B','12');
insert  into `lv_kota`(`kodekota`,`namakota`,`tipekota`,`kodepropinsi`) values ('1203','KAB. LAMPUNG SELATAN','B','12');
insert  into `lv_kota`(`kodekota`,`namakota`,`tipekota`,`kodepropinsi`) values ('1204','KAB. LAMPUNG TIMUR','B','12');
insert  into `lv_kota`(`kodekota`,`namakota`,`tipekota`,`kodepropinsi`) values ('1205','KAB. LAMPUNG TENGAH','B','12');
insert  into `lv_kota`(`kodekota`,`namakota`,`tipekota`,`kodepropinsi`) values ('1206','KAB. LAMPUNG UTARA','B','12');
insert  into `lv_kota`(`kodekota`,`namakota`,`tipekota`,`kodepropinsi`) values ('1207','KAB. WAY KANAN','B','12');
insert  into `lv_kota`(`kodekota`,`namakota`,`tipekota`,`kodepropinsi`) values ('1208','KAB. TULANGBAWANG','B','12');
insert  into `lv_kota`(`kodekota`,`namakota`,`tipekota`,`kodepropinsi`) values ('1251','KOTA BANDAR LAMPUNG','T','12');
insert  into `lv_kota`(`kodekota`,`namakota`,`tipekota`,`kodepropinsi`) values ('1252','KOTA METRO','T','12');
insert  into `lv_kota`(`kodekota`,`namakota`,`tipekota`,`kodepropinsi`) values ('1301','KAB. SAMBAS','B','13');
insert  into `lv_kota`(`kodekota`,`namakota`,`tipekota`,`kodepropinsi`) values ('1302','KAB. BENGKAYANG','B','13');
insert  into `lv_kota`(`kodekota`,`namakota`,`tipekota`,`kodepropinsi`) values ('1303','KAB. LANDAK','B','13');
insert  into `lv_kota`(`kodekota`,`namakota`,`tipekota`,`kodepropinsi`) values ('1304','KAB. PONTIANAK','B','13');
insert  into `lv_kota`(`kodekota`,`namakota`,`tipekota`,`kodepropinsi`) values ('1305','KAB. SANGGAU','B','13');
insert  into `lv_kota`(`kodekota`,`namakota`,`tipekota`,`kodepropinsi`) values ('1306','KAB. KETAPANG','B','13');
insert  into `lv_kota`(`kodekota`,`namakota`,`tipekota`,`kodepropinsi`) values ('1307','KAB. SINTANG','B','13');
insert  into `lv_kota`(`kodekota`,`namakota`,`tipekota`,`kodepropinsi`) values ('1308','KAB. KAPUAS HULU','B','13');
insert  into `lv_kota`(`kodekota`,`namakota`,`tipekota`,`kodepropinsi`) values ('1351','KOTA PONTIANAK','T','13');
insert  into `lv_kota`(`kodekota`,`namakota`,`tipekota`,`kodepropinsi`) values ('1352','KOTA SINGKAWANG','T','13');
insert  into `lv_kota`(`kodekota`,`namakota`,`tipekota`,`kodepropinsi`) values ('1401','KAB. KOTAWARINGIN BARAT','B','14');
insert  into `lv_kota`(`kodekota`,`namakota`,`tipekota`,`kodepropinsi`) values ('1402','KAB. KOTAWARINGIN TIMUR','B','14');
insert  into `lv_kota`(`kodekota`,`namakota`,`tipekota`,`kodepropinsi`) values ('1403','KAB. KAPUAS','B','14');
insert  into `lv_kota`(`kodekota`,`namakota`,`tipekota`,`kodepropinsi`) values ('1404','KAB. BARITO SELATAN','B','14');
insert  into `lv_kota`(`kodekota`,`namakota`,`tipekota`,`kodepropinsi`) values ('1405','KAB. BARITO UTARA','B','14');
insert  into `lv_kota`(`kodekota`,`namakota`,`tipekota`,`kodepropinsi`) values ('1406','KAB. SUKAMARA','B','14');
insert  into `lv_kota`(`kodekota`,`namakota`,`tipekota`,`kodepropinsi`) values ('1407','KAB. LAMANDAU','B','14');
insert  into `lv_kota`(`kodekota`,`namakota`,`tipekota`,`kodepropinsi`) values ('1408','KAB. SERUYAN','B','14');
insert  into `lv_kota`(`kodekota`,`namakota`,`tipekota`,`kodepropinsi`) values ('1409','KAB. KATINGAN','B','14');
insert  into `lv_kota`(`kodekota`,`namakota`,`tipekota`,`kodepropinsi`) values ('1410','KAB. PULANG PISAU','B','14');
insert  into `lv_kota`(`kodekota`,`namakota`,`tipekota`,`kodepropinsi`) values ('1411','KAB. GUNUNG MAS','B','14');
insert  into `lv_kota`(`kodekota`,`namakota`,`tipekota`,`kodepropinsi`) values ('1412','KAB. BARITO TIMUR','B','14');
insert  into `lv_kota`(`kodekota`,`namakota`,`tipekota`,`kodepropinsi`) values ('1413','KAB. MURUNG RAYA','B','14');
insert  into `lv_kota`(`kodekota`,`namakota`,`tipekota`,`kodepropinsi`) values ('1451','KOTA PALANGKA RAYA','T','14');
insert  into `lv_kota`(`kodekota`,`namakota`,`tipekota`,`kodepropinsi`) values ('1501','KAB. TANAH LAUT','B','15');
insert  into `lv_kota`(`kodekota`,`namakota`,`tipekota`,`kodepropinsi`) values ('1502','KAB. KOTABARU','B','15');
insert  into `lv_kota`(`kodekota`,`namakota`,`tipekota`,`kodepropinsi`) values ('1503','KAB. BANJAR','B','15');
insert  into `lv_kota`(`kodekota`,`namakota`,`tipekota`,`kodepropinsi`) values ('1504','KAB. BARITO KUALA','B','15');
insert  into `lv_kota`(`kodekota`,`namakota`,`tipekota`,`kodepropinsi`) values ('1505','KAB. TAPIN','B','15');
insert  into `lv_kota`(`kodekota`,`namakota`,`tipekota`,`kodepropinsi`) values ('1506','KAB. HULU SUNGAI SELATAN','B','15');
insert  into `lv_kota`(`kodekota`,`namakota`,`tipekota`,`kodepropinsi`) values ('1507','KAB. HULU SUNGAI TENGAH','B','15');
insert  into `lv_kota`(`kodekota`,`namakota`,`tipekota`,`kodepropinsi`) values ('1508','KAB. HULU SUNGAI UTARA','B','15');
insert  into `lv_kota`(`kodekota`,`namakota`,`tipekota`,`kodepropinsi`) values ('1509','KAB. TABALONG','B','15');
insert  into `lv_kota`(`kodekota`,`namakota`,`tipekota`,`kodepropinsi`) values ('1510','KAB. TANAH BUMBU','B','15');
insert  into `lv_kota`(`kodekota`,`namakota`,`tipekota`,`kodepropinsi`) values ('1511','KAB. BALANGAN','B','15');
insert  into `lv_kota`(`kodekota`,`namakota`,`tipekota`,`kodepropinsi`) values ('1551','KOTA BANJARMASIN','T','15');
insert  into `lv_kota`(`kodekota`,`namakota`,`tipekota`,`kodepropinsi`) values ('1552','KOTA BANJARBARU','T','15');
insert  into `lv_kota`(`kodekota`,`namakota`,`tipekota`,`kodepropinsi`) values ('1601','KAB. PASIR','B','16');
insert  into `lv_kota`(`kodekota`,`namakota`,`tipekota`,`kodepropinsi`) values ('1602','KAB. KUTAI BARAT','B','16');
insert  into `lv_kota`(`kodekota`,`namakota`,`tipekota`,`kodepropinsi`) values ('1603','KAB. KUTAI','B','16');
insert  into `lv_kota`(`kodekota`,`namakota`,`tipekota`,`kodepropinsi`) values ('1604','KAB. KUTAI TIMUR','B','16');
insert  into `lv_kota`(`kodekota`,`namakota`,`tipekota`,`kodepropinsi`) values ('1605','KAB. BERAU','B','16');
insert  into `lv_kota`(`kodekota`,`namakota`,`tipekota`,`kodepropinsi`) values ('1606','KAB. MALINAU','B','16');
insert  into `lv_kota`(`kodekota`,`namakota`,`tipekota`,`kodepropinsi`) values ('1607','KAB. BULUNGAN','B','16');
insert  into `lv_kota`(`kodekota`,`namakota`,`tipekota`,`kodepropinsi`) values ('1608','KAB. NUNUKAN','B','16');
insert  into `lv_kota`(`kodekota`,`namakota`,`tipekota`,`kodepropinsi`) values ('1609','KAB. PENAJAM PASIR UTARA','B','16');
insert  into `lv_kota`(`kodekota`,`namakota`,`tipekota`,`kodepropinsi`) values ('1651','KOTA BALIKPAPAN','T','16');
insert  into `lv_kota`(`kodekota`,`namakota`,`tipekota`,`kodepropinsi`) values ('1652','KOTA SAMARINDA','T','16');
insert  into `lv_kota`(`kodekota`,`namakota`,`tipekota`,`kodepropinsi`) values ('1653','KOTA TARAKAN','T','16');
insert  into `lv_kota`(`kodekota`,`namakota`,`tipekota`,`kodepropinsi`) values ('1654','KOTA BONTANG','T','16');
insert  into `lv_kota`(`kodekota`,`namakota`,`tipekota`,`kodepropinsi`) values ('1701','KAB. BOLAANG MONGONDOW','B','17');
insert  into `lv_kota`(`kodekota`,`namakota`,`tipekota`,`kodepropinsi`) values ('1702','KAB. MINAHASA','B','17');
insert  into `lv_kota`(`kodekota`,`namakota`,`tipekota`,`kodepropinsi`) values ('1703','KAB. SANGIHE TALAUD','B','17');
insert  into `lv_kota`(`kodekota`,`namakota`,`tipekota`,`kodepropinsi`) values ('1704','KAB. TALAUD','B','17');
insert  into `lv_kota`(`kodekota`,`namakota`,`tipekota`,`kodepropinsi`) values ('1705','KAB. MINAHASA SELATAN','B','17');
insert  into `lv_kota`(`kodekota`,`namakota`,`tipekota`,`kodepropinsi`) values ('1751','KOTA MANADO','T','17');
insert  into `lv_kota`(`kodekota`,`namakota`,`tipekota`,`kodepropinsi`) values ('1752','KOTA BITUNG','T','17');
insert  into `lv_kota`(`kodekota`,`namakota`,`tipekota`,`kodepropinsi`) values ('1753','KOTA TOMOHON','T','17');
insert  into `lv_kota`(`kodekota`,`namakota`,`tipekota`,`kodepropinsi`) values ('1801','KAB. PULAU BANGGAI','B','18');
insert  into `lv_kota`(`kodekota`,`namakota`,`tipekota`,`kodepropinsi`) values ('1802','KAB. BANGGAI','B','18');
insert  into `lv_kota`(`kodekota`,`namakota`,`tipekota`,`kodepropinsi`) values ('1803','KAB. MOROWALI','B','18');
insert  into `lv_kota`(`kodekota`,`namakota`,`tipekota`,`kodepropinsi`) values ('1804','KAB. POSO','B','18');
insert  into `lv_kota`(`kodekota`,`namakota`,`tipekota`,`kodepropinsi`) values ('1805','KAB. DONGGALA','B','18');
insert  into `lv_kota`(`kodekota`,`namakota`,`tipekota`,`kodepropinsi`) values ('1806','KAB. TOLI-TOLI','B','18');
insert  into `lv_kota`(`kodekota`,`namakota`,`tipekota`,`kodepropinsi`) values ('1807','KAB. BUOL','B','18');
insert  into `lv_kota`(`kodekota`,`namakota`,`tipekota`,`kodepropinsi`) values ('1808','KAB. PARIGI MOUTONG','B','18');
insert  into `lv_kota`(`kodekota`,`namakota`,`tipekota`,`kodepropinsi`) values ('1851','KOTA PALU','T','18');
insert  into `lv_kota`(`kodekota`,`namakota`,`tipekota`,`kodepropinsi`) values ('1901','KAB. SELAYAR','B','19');
insert  into `lv_kota`(`kodekota`,`namakota`,`tipekota`,`kodepropinsi`) values ('1902','KAB. BULUKUMBA','B','19');
insert  into `lv_kota`(`kodekota`,`namakota`,`tipekota`,`kodepropinsi`) values ('1903','KAB. BANTAENG','B','19');
insert  into `lv_kota`(`kodekota`,`namakota`,`tipekota`,`kodepropinsi`) values ('1904','KAB. JENEPONTO','B','19');
insert  into `lv_kota`(`kodekota`,`namakota`,`tipekota`,`kodepropinsi`) values ('1905','KAB. TAKALAR','B','19');
insert  into `lv_kota`(`kodekota`,`namakota`,`tipekota`,`kodepropinsi`) values ('1906','KAB. GOWA','B','19');
insert  into `lv_kota`(`kodekota`,`namakota`,`tipekota`,`kodepropinsi`) values ('1907','KAB. SINJAI','B','19');
insert  into `lv_kota`(`kodekota`,`namakota`,`tipekota`,`kodepropinsi`) values ('1908','KAB. MAROS','B','19');
insert  into `lv_kota`(`kodekota`,`namakota`,`tipekota`,`kodepropinsi`) values ('1909','KAB. PANGKAJENE','B','19');
insert  into `lv_kota`(`kodekota`,`namakota`,`tipekota`,`kodepropinsi`) values ('1910','KAB. BARRU','B','19');
insert  into `lv_kota`(`kodekota`,`namakota`,`tipekota`,`kodepropinsi`) values ('1911','KAB. BONE','B','19');
insert  into `lv_kota`(`kodekota`,`namakota`,`tipekota`,`kodepropinsi`) values ('1912','KAB. SOPPENG','B','19');
insert  into `lv_kota`(`kodekota`,`namakota`,`tipekota`,`kodepropinsi`) values ('1913','KAB. WAJO','B','19');
insert  into `lv_kota`(`kodekota`,`namakota`,`tipekota`,`kodepropinsi`) values ('1914','KAB. SIDENRENG RAPPANG','B','19');
insert  into `lv_kota`(`kodekota`,`namakota`,`tipekota`,`kodepropinsi`) values ('1915','KAB. PINRANG','B','19');
insert  into `lv_kota`(`kodekota`,`namakota`,`tipekota`,`kodepropinsi`) values ('1916','KAB. ENREKANG','B','19');
insert  into `lv_kota`(`kodekota`,`namakota`,`tipekota`,`kodepropinsi`) values ('1917','KAB. LUWU','B','19');
insert  into `lv_kota`(`kodekota`,`namakota`,`tipekota`,`kodepropinsi`) values ('1918','KAB. TANA TORAJA','B','19');
insert  into `lv_kota`(`kodekota`,`namakota`,`tipekota`,`kodepropinsi`) values ('1919','KAB. SIDRAP','B','19');
insert  into `lv_kota`(`kodekota`,`namakota`,`tipekota`,`kodepropinsi`) values ('1922','KAB. LUWU UTARA','B','19');
insert  into `lv_kota`(`kodekota`,`namakota`,`tipekota`,`kodepropinsi`) values ('1925','KAB. LUWU TIMUR','B','19');
insert  into `lv_kota`(`kodekota`,`namakota`,`tipekota`,`kodepropinsi`) values ('1951','KOTA MAKASSAR','T','19');
insert  into `lv_kota`(`kodekota`,`namakota`,`tipekota`,`kodepropinsi`) values ('1952','KOTA PARE-PARE','T','19');
insert  into `lv_kota`(`kodekota`,`namakota`,`tipekota`,`kodepropinsi`) values ('1953','KOTA PALOPO','T','19');
insert  into `lv_kota`(`kodekota`,`namakota`,`tipekota`,`kodepropinsi`) values ('2001','KAB. BUTON','B','20');
insert  into `lv_kota`(`kodekota`,`namakota`,`tipekota`,`kodepropinsi`) values ('2002','KAB. MUNA','B','20');
insert  into `lv_kota`(`kodekota`,`namakota`,`tipekota`,`kodepropinsi`) values ('2003','KAB. KENDARI','B','20');
insert  into `lv_kota`(`kodekota`,`namakota`,`tipekota`,`kodepropinsi`) values ('2004','KAB. KOLAKA','B','20');
insert  into `lv_kota`(`kodekota`,`namakota`,`tipekota`,`kodepropinsi`) values ('2051','KOTA KENDARI','T','20');
insert  into `lv_kota`(`kodekota`,`namakota`,`tipekota`,`kodepropinsi`) values ('2052','KOTA BAU-BAU','T','20');
insert  into `lv_kota`(`kodekota`,`namakota`,`tipekota`,`kodepropinsi`) values ('2053','KOTA KONAWE SELATAN','T','20');
insert  into `lv_kota`(`kodekota`,`namakota`,`tipekota`,`kodepropinsi`) values ('2101','KAB. MALUKU TENGGARA BARA','B','21');
insert  into `lv_kota`(`kodekota`,`namakota`,`tipekota`,`kodepropinsi`) values ('2102','KAB. MALUKU TENGGARA','B','21');
insert  into `lv_kota`(`kodekota`,`namakota`,`tipekota`,`kodepropinsi`) values ('2103','KAB. MALUKU TENGAH','B','21');
insert  into `lv_kota`(`kodekota`,`namakota`,`tipekota`,`kodepropinsi`) values ('2104','KAB. BURU','B','21');
insert  into `lv_kota`(`kodekota`,`namakota`,`tipekota`,`kodepropinsi`) values ('2151','KOTA AMBON','T','21');
insert  into `lv_kota`(`kodekota`,`namakota`,`tipekota`,`kodepropinsi`) values ('2201','KAB. JEMBRANA','B','22');
insert  into `lv_kota`(`kodekota`,`namakota`,`tipekota`,`kodepropinsi`) values ('2202','KAB. TABANAN','B','22');
insert  into `lv_kota`(`kodekota`,`namakota`,`tipekota`,`kodepropinsi`) values ('2203','KAB. BADUNG','B','22');
insert  into `lv_kota`(`kodekota`,`namakota`,`tipekota`,`kodepropinsi`) values ('2204','KAB. GIANYAR','B','22');
insert  into `lv_kota`(`kodekota`,`namakota`,`tipekota`,`kodepropinsi`) values ('2205','KAB. KLUNGKUNG','B','22');
insert  into `lv_kota`(`kodekota`,`namakota`,`tipekota`,`kodepropinsi`) values ('2206','KAB. BANGLI','B','22');
insert  into `lv_kota`(`kodekota`,`namakota`,`tipekota`,`kodepropinsi`) values ('2207','KAB. KARANG ASEM','B','22');
insert  into `lv_kota`(`kodekota`,`namakota`,`tipekota`,`kodepropinsi`) values ('2208','KAB. BULELENG','B','22');
insert  into `lv_kota`(`kodekota`,`namakota`,`tipekota`,`kodepropinsi`) values ('2251','KOTA DENPASAR','T','22');
insert  into `lv_kota`(`kodekota`,`namakota`,`tipekota`,`kodepropinsi`) values ('2301','KAB. LOMBOK BARAT','B','23');
insert  into `lv_kota`(`kodekota`,`namakota`,`tipekota`,`kodepropinsi`) values ('2302','KAB. LOMBOK TENGAH','B','23');
insert  into `lv_kota`(`kodekota`,`namakota`,`tipekota`,`kodepropinsi`) values ('2303','KAB. LOMBOK TIMUR','B','23');
insert  into `lv_kota`(`kodekota`,`namakota`,`tipekota`,`kodepropinsi`) values ('2304','KAB. SUMBAWA','B','23');
insert  into `lv_kota`(`kodekota`,`namakota`,`tipekota`,`kodepropinsi`) values ('2305','KAB. DOMPU','B','23');
insert  into `lv_kota`(`kodekota`,`namakota`,`tipekota`,`kodepropinsi`) values ('2306','KAB. BIMA','B','23');
insert  into `lv_kota`(`kodekota`,`namakota`,`tipekota`,`kodepropinsi`) values ('2351','KOTA MATARAM','T','23');
insert  into `lv_kota`(`kodekota`,`namakota`,`tipekota`,`kodepropinsi`) values ('2352','KOTA BIMA','T','23');
insert  into `lv_kota`(`kodekota`,`namakota`,`tipekota`,`kodepropinsi`) values ('2401','KAB. SUMBA BARAT','B','24');
insert  into `lv_kota`(`kodekota`,`namakota`,`tipekota`,`kodepropinsi`) values ('2402','KAB. SUMBA TIMUR','B','24');
insert  into `lv_kota`(`kodekota`,`namakota`,`tipekota`,`kodepropinsi`) values ('2403','KAB. KUPANG','B','24');
insert  into `lv_kota`(`kodekota`,`namakota`,`tipekota`,`kodepropinsi`) values ('2404','KAB. TIMOR TENGAH SELATAN','B','24');
insert  into `lv_kota`(`kodekota`,`namakota`,`tipekota`,`kodepropinsi`) values ('2405','KAB. TIMOR TENGAH UTARA','B','24');
insert  into `lv_kota`(`kodekota`,`namakota`,`tipekota`,`kodepropinsi`) values ('2406','KAB. BELU','B','24');
insert  into `lv_kota`(`kodekota`,`namakota`,`tipekota`,`kodepropinsi`) values ('2407','KAB. ALOR','B','24');
insert  into `lv_kota`(`kodekota`,`namakota`,`tipekota`,`kodepropinsi`) values ('2408','KAB. LEMBATA','B','24');
insert  into `lv_kota`(`kodekota`,`namakota`,`tipekota`,`kodepropinsi`) values ('2409','KAB. FLORES TIMUR','B','24');
insert  into `lv_kota`(`kodekota`,`namakota`,`tipekota`,`kodepropinsi`) values ('2410','KAB. SIKKA','B','24');
insert  into `lv_kota`(`kodekota`,`namakota`,`tipekota`,`kodepropinsi`) values ('2411','KAB. ENDE','B','24');
insert  into `lv_kota`(`kodekota`,`namakota`,`tipekota`,`kodepropinsi`) values ('2412','KAB. NGADA','B','24');
insert  into `lv_kota`(`kodekota`,`namakota`,`tipekota`,`kodepropinsi`) values ('2413','KAB. MANGGARAI','B','24');
insert  into `lv_kota`(`kodekota`,`namakota`,`tipekota`,`kodepropinsi`) values ('2414','KAB. ROTE NDAO','B','24');
insert  into `lv_kota`(`kodekota`,`namakota`,`tipekota`,`kodepropinsi`) values ('2415','KAB. MANGGARAI BARAT','B','24');
insert  into `lv_kota`(`kodekota`,`namakota`,`tipekota`,`kodepropinsi`) values ('2451','KOTA KUPANG','T','24');
insert  into `lv_kota`(`kodekota`,`namakota`,`tipekota`,`kodepropinsi`) values ('2501','KAB. MERAUKE','B','25');
insert  into `lv_kota`(`kodekota`,`namakota`,`tipekota`,`kodepropinsi`) values ('2502','KAB. JAYA WIJAYA','B','25');
insert  into `lv_kota`(`kodekota`,`namakota`,`tipekota`,`kodepropinsi`) values ('2503','KAB. JAYAPURA','B','25');
insert  into `lv_kota`(`kodekota`,`namakota`,`tipekota`,`kodepropinsi`) values ('2504','KAB. NABIRE','B','25');
insert  into `lv_kota`(`kodekota`,`namakota`,`tipekota`,`kodepropinsi`) values ('2505','KAB. YAPEN WAROPEN','B','25');
insert  into `lv_kota`(`kodekota`,`namakota`,`tipekota`,`kodepropinsi`) values ('2506','KAB. BIAK NUMFOR','B','25');
insert  into `lv_kota`(`kodekota`,`namakota`,`tipekota`,`kodepropinsi`) values ('2507','KAB. PANIAI','B','25');
insert  into `lv_kota`(`kodekota`,`namakota`,`tipekota`,`kodepropinsi`) values ('2508','KAB. PUNCAK JAYA','B','25');
insert  into `lv_kota`(`kodekota`,`namakota`,`tipekota`,`kodepropinsi`) values ('2509','KAB. MIMIKA','B','25');
insert  into `lv_kota`(`kodekota`,`namakota`,`tipekota`,`kodepropinsi`) values ('2510','KAB. BOVEN DIGOEL','B','25');
insert  into `lv_kota`(`kodekota`,`namakota`,`tipekota`,`kodepropinsi`) values ('2511','KAB. MAPPI','B','25');
insert  into `lv_kota`(`kodekota`,`namakota`,`tipekota`,`kodepropinsi`) values ('2512','KAB. ASMAT','B','25');
insert  into `lv_kota`(`kodekota`,`namakota`,`tipekota`,`kodepropinsi`) values ('2513','KAB. YAKUHIMO','B','25');
insert  into `lv_kota`(`kodekota`,`namakota`,`tipekota`,`kodepropinsi`) values ('2514','KAB. GUNUNG BINTANG','B','25');
insert  into `lv_kota`(`kodekota`,`namakota`,`tipekota`,`kodepropinsi`) values ('2515','KAB. TOLIKARA','B','25');
insert  into `lv_kota`(`kodekota`,`namakota`,`tipekota`,`kodepropinsi`) values ('2516','KAB. SARMI','B','25');
insert  into `lv_kota`(`kodekota`,`namakota`,`tipekota`,`kodepropinsi`) values ('2517','KAB. KEEROM','B','25');
insert  into `lv_kota`(`kodekota`,`namakota`,`tipekota`,`kodepropinsi`) values ('2518','KAB. WAROPEN','B','25');
insert  into `lv_kota`(`kodekota`,`namakota`,`tipekota`,`kodepropinsi`) values ('2551','KOTA JAYAPURA','T','25');
insert  into `lv_kota`(`kodekota`,`namakota`,`tipekota`,`kodepropinsi`) values ('2601','KAB. BENGKULU SELATAN','B','26');
insert  into `lv_kota`(`kodekota`,`namakota`,`tipekota`,`kodepropinsi`) values ('2602','KAB. REJANG LEBONG','B','26');
insert  into `lv_kota`(`kodekota`,`namakota`,`tipekota`,`kodepropinsi`) values ('2603','KAB. BENGKULU UTARA','B','26');
insert  into `lv_kota`(`kodekota`,`namakota`,`tipekota`,`kodepropinsi`) values ('2604','KAB. KAUR','B','26');
insert  into `lv_kota`(`kodekota`,`namakota`,`tipekota`,`kodepropinsi`) values ('2605','KAB. SELUMA','B','26');
insert  into `lv_kota`(`kodekota`,`namakota`,`tipekota`,`kodepropinsi`) values ('2606','KAB. MUKO-MUKO','B','26');
insert  into `lv_kota`(`kodekota`,`namakota`,`tipekota`,`kodepropinsi`) values ('2651','KOTA BENGKULU','T','26');
insert  into `lv_kota`(`kodekota`,`namakota`,`tipekota`,`kodepropinsi`) values ('2801','KAB. PANDEGLANG','B','28');
insert  into `lv_kota`(`kodekota`,`namakota`,`tipekota`,`kodepropinsi`) values ('2802','KAB. LEBAK','B','28');
insert  into `lv_kota`(`kodekota`,`namakota`,`tipekota`,`kodepropinsi`) values ('2803','KAB. TANGERANG','B','28');
insert  into `lv_kota`(`kodekota`,`namakota`,`tipekota`,`kodepropinsi`) values ('2804','KAB. SERANG','B','28');
insert  into `lv_kota`(`kodekota`,`namakota`,`tipekota`,`kodepropinsi`) values ('2851','KOTA TANGERANG','T','28');
insert  into `lv_kota`(`kodekota`,`namakota`,`tipekota`,`kodepropinsi`) values ('2852','KOTA CILEGON','T','28');
insert  into `lv_kota`(`kodekota`,`namakota`,`tipekota`,`kodepropinsi`) values ('2901','KAB. MALUKU UTARA','B','29');
insert  into `lv_kota`(`kodekota`,`namakota`,`tipekota`,`kodepropinsi`) values ('2902','KAB. HALMAHERA TENGAH','B','29');
insert  into `lv_kota`(`kodekota`,`namakota`,`tipekota`,`kodepropinsi`) values ('2903','KAB. PULAU SULA','B','29');
insert  into `lv_kota`(`kodekota`,`namakota`,`tipekota`,`kodepropinsi`) values ('2904','KAB. HALMAHERA SELATAN','B','29');
insert  into `lv_kota`(`kodekota`,`namakota`,`tipekota`,`kodepropinsi`) values ('2905','KAB. HALMAHERA UTARA','B','29');
insert  into `lv_kota`(`kodekota`,`namakota`,`tipekota`,`kodepropinsi`) values ('2906','KAB. HALMAHERA TIMUR','B','29');
insert  into `lv_kota`(`kodekota`,`namakota`,`tipekota`,`kodepropinsi`) values ('2951','KOTA TERNATE','T','29');
insert  into `lv_kota`(`kodekota`,`namakota`,`tipekota`,`kodepropinsi`) values ('2952','KOTA TIDORE','T','29');
insert  into `lv_kota`(`kodekota`,`namakota`,`tipekota`,`kodepropinsi`) values ('3001','KAB. BANGKA','B','30');
insert  into `lv_kota`(`kodekota`,`namakota`,`tipekota`,`kodepropinsi`) values ('3002','KAB. BELITUNG','B','30');
insert  into `lv_kota`(`kodekota`,`namakota`,`tipekota`,`kodepropinsi`) values ('3003','KAB. BANGKA SELATAN','B','30');
insert  into `lv_kota`(`kodekota`,`namakota`,`tipekota`,`kodepropinsi`) values ('3004','KAB. BANGKA TENGAH','B','30');
insert  into `lv_kota`(`kodekota`,`namakota`,`tipekota`,`kodepropinsi`) values ('3005','KAB. BANGKA BARAT','B','30');
insert  into `lv_kota`(`kodekota`,`namakota`,`tipekota`,`kodepropinsi`) values ('3006','KAB. BELITUNG TIMUR','B','30');
insert  into `lv_kota`(`kodekota`,`namakota`,`tipekota`,`kodepropinsi`) values ('3051','KOTA PANGKALPINANG','T','30');
insert  into `lv_kota`(`kodekota`,`namakota`,`tipekota`,`kodepropinsi`) values ('3101','KAB. BOALEMO','B','31');
insert  into `lv_kota`(`kodekota`,`namakota`,`tipekota`,`kodepropinsi`) values ('3102','KAB. GORONTALO','B','31');
insert  into `lv_kota`(`kodekota`,`namakota`,`tipekota`,`kodepropinsi`) values ('3103','KAB. PUHUWATO','B','31');
insert  into `lv_kota`(`kodekota`,`namakota`,`tipekota`,`kodepropinsi`) values ('3104','KAB. BONE BOLANGO','B','31');
insert  into `lv_kota`(`kodekota`,`namakota`,`tipekota`,`kodepropinsi`) values ('3151','KOTA GORONTALO','T','31');
insert  into `lv_kota`(`kodekota`,`namakota`,`tipekota`,`kodepropinsi`) values ('3201','KAB. FAK-FAK','B','32');
insert  into `lv_kota`(`kodekota`,`namakota`,`tipekota`,`kodepropinsi`) values ('3202','KAB. SORONG','B','32');
insert  into `lv_kota`(`kodekota`,`namakota`,`tipekota`,`kodepropinsi`) values ('3203','KAB. MANOKWARI','B','32');
insert  into `lv_kota`(`kodekota`,`namakota`,`tipekota`,`kodepropinsi`) values ('3204','KAB. KAIMANA','B','32');
insert  into `lv_kota`(`kodekota`,`namakota`,`tipekota`,`kodepropinsi`) values ('3205','KAB. SORONG SELATAN','B','32');
insert  into `lv_kota`(`kodekota`,`namakota`,`tipekota`,`kodepropinsi`) values ('3206','KAB. RAJA AMPAT','B','32');
insert  into `lv_kota`(`kodekota`,`namakota`,`tipekota`,`kodepropinsi`) values ('3207','KAB. BINTUNI BAY','B','32');
insert  into `lv_kota`(`kodekota`,`namakota`,`tipekota`,`kodepropinsi`) values ('3208','KAB. WONDANA BAY','B','32');
insert  into `lv_kota`(`kodekota`,`namakota`,`tipekota`,`kodepropinsi`) values ('3251','KOTA SORONG','T','32');
insert  into `lv_kota`(`kodekota`,`namakota`,`tipekota`,`kodepropinsi`) values ('3301','KAB. KARIMUN','B','33');
insert  into `lv_kota`(`kodekota`,`namakota`,`tipekota`,`kodepropinsi`) values ('3302','KAB. KEPULAUAN RIAU','B','33');
insert  into `lv_kota`(`kodekota`,`namakota`,`tipekota`,`kodepropinsi`) values ('3303','KAB. NATUNA','B','33');
insert  into `lv_kota`(`kodekota`,`namakota`,`tipekota`,`kodepropinsi`) values ('3351','KOTA BATAM','T','33');
insert  into `lv_kota`(`kodekota`,`namakota`,`tipekota`,`kodepropinsi`) values ('3352','KOTA TANJUNG PINANG','T','33');
insert  into `lv_kota`(`kodekota`,`namakota`,`tipekota`,`kodepropinsi`) values ('3401','KAB. MAMUJU','B','34');
insert  into `lv_kota`(`kodekota`,`namakota`,`tipekota`,`kodepropinsi`) values ('3402','KAB. MAMUJU UTARA','B','34');
insert  into `lv_kota`(`kodekota`,`namakota`,`tipekota`,`kodepropinsi`) values ('3403','KAB. MAJENE','B','34');
insert  into `lv_kota`(`kodekota`,`namakota`,`tipekota`,`kodepropinsi`) values ('3404','KAB. POLEWALI','B','34');
insert  into `lv_kota`(`kodekota`,`namakota`,`tipekota`,`kodepropinsi`) values ('3405','KAB. MAMASA','B','34');
insert  into `lv_kota`(`kodekota`,`namakota`,`tipekota`,`kodepropinsi`) values ('9001','ARAB SAUDI','B','90');

/*Table structure for table `lv_propinsi` */

CREATE TABLE `lv_propinsi` (
  `kodepropinsi` varchar(2) NOT NULL DEFAULT '',
  `namapropinsi` varchar(40) DEFAULT NULL,
  PRIMARY KEY (`kodepropinsi`)
) ENGINE=InnoDB DEFAULT CHARSET=latin1;

/*Data for the table `lv_propinsi` */

insert  into `lv_propinsi`(`kodepropinsi`,`namapropinsi`) values ('01','DKI JAKARTA');
insert  into `lv_propinsi`(`kodepropinsi`,`namapropinsi`) values ('02','JAWA BARAT');
insert  into `lv_propinsi`(`kodepropinsi`,`namapropinsi`) values ('03','JAWA TENGAH');
insert  into `lv_propinsi`(`kodepropinsi`,`namapropinsi`) values ('04','D I YOGYAKARTA');
insert  into `lv_propinsi`(`kodepropinsi`,`namapropinsi`) values ('05','JAWA TIMUR');
insert  into `lv_propinsi`(`kodepropinsi`,`namapropinsi`) values ('06','NANGGROE ACEH DARUSSALAM');
insert  into `lv_propinsi`(`kodepropinsi`,`namapropinsi`) values ('07','SUMATERA UTARA');
insert  into `lv_propinsi`(`kodepropinsi`,`namapropinsi`) values ('08','SUMATERA BARAT');
insert  into `lv_propinsi`(`kodepropinsi`,`namapropinsi`) values ('09','RIAU');
insert  into `lv_propinsi`(`kodepropinsi`,`namapropinsi`) values ('10','JAMBI');
insert  into `lv_propinsi`(`kodepropinsi`,`namapropinsi`) values ('11','SUMATERA SELATAN');
insert  into `lv_propinsi`(`kodepropinsi`,`namapropinsi`) values ('12','LAMPUNG');
insert  into `lv_propinsi`(`kodepropinsi`,`namapropinsi`) values ('13','KALIMANTAN BARAT');
insert  into `lv_propinsi`(`kodepropinsi`,`namapropinsi`) values ('14','KALIMANTAN TENGAH');
insert  into `lv_propinsi`(`kodepropinsi`,`namapropinsi`) values ('15','KALIMANTAN SELATAN');
insert  into `lv_propinsi`(`kodepropinsi`,`namapropinsi`) values ('16','KALIMANTAN TIMUR');
insert  into `lv_propinsi`(`kodepropinsi`,`namapropinsi`) values ('17','SULAWESI UTARA');
insert  into `lv_propinsi`(`kodepropinsi`,`namapropinsi`) values ('18','SULAWESI TENGAH');
insert  into `lv_propinsi`(`kodepropinsi`,`namapropinsi`) values ('19','SULAWESI SELATAN');
insert  into `lv_propinsi`(`kodepropinsi`,`namapropinsi`) values ('20','SULAWESI TENGGARA');
insert  into `lv_propinsi`(`kodepropinsi`,`namapropinsi`) values ('21','MALUKU');
insert  into `lv_propinsi`(`kodepropinsi`,`namapropinsi`) values ('22','BALI');
insert  into `lv_propinsi`(`kodepropinsi`,`namapropinsi`) values ('23','NUSA TENGGARA BARAT');
insert  into `lv_propinsi`(`kodepropinsi`,`namapropinsi`) values ('24','NUSA TENGGARA TIMUR');
insert  into `lv_propinsi`(`kodepropinsi`,`namapropinsi`) values ('25','PAPUA');
insert  into `lv_propinsi`(`kodepropinsi`,`namapropinsi`) values ('26','BENGKULU');
insert  into `lv_propinsi`(`kodepropinsi`,`namapropinsi`) values ('28','BANTEN');
insert  into `lv_propinsi`(`kodepropinsi`,`namapropinsi`) values ('29','MALUKU UTARA');
insert  into `lv_propinsi`(`kodepropinsi`,`namapropinsi`) values ('30','BANGKA BELITUNG');
insert  into `lv_propinsi`(`kodepropinsi`,`namapropinsi`) values ('31','GORONTALO');
insert  into `lv_propinsi`(`kodepropinsi`,`namapropinsi`) values ('32','IRIAN BARAT');
insert  into `lv_propinsi`(`kodepropinsi`,`namapropinsi`) values ('33','KEPULAUAN RIAU');
insert  into `lv_propinsi`(`kodepropinsi`,`namapropinsi`) values ('34','SULAWESI BARAT');
insert  into `lv_propinsi`(`kodepropinsi`,`namapropinsi`) values ('90','ARAB SAUDI');

/*Table structure for table `m_mahasiswa` */

CREATE TABLE `m_mahasiswa` (
  `nim` varchar(255) NOT NULL DEFAULT '',
  `id_prodi` varchar(10) DEFAULT NULL,
  `nama` varchar(255) DEFAULT NULL,
  `tpt_lhr` varchar(255) DEFAULT NULL,
  `tgl_lhr` date DEFAULT NULL,
  `asal` varchar(255) DEFAULT NULL,
  `password` varchar(255) DEFAULT NULL,
  `url` varchar(255) DEFAULT NULL,
  `level` varchar(255) DEFAULT NULL,
  PRIMARY KEY (`nim`),
  KEY `mhs_prodi` (`id_prodi`),
  KEY `fr_mhs_kota` (`asal`)
) ENGINE=InnoDB DEFAULT CHARSET=latin1;

/*Data for the table `m_mahasiswa` */

insert  into `m_mahasiswa`(`nim`,`id_prodi`,`nama`,`tpt_lhr`,`tgl_lhr`,`asal`,`password`,`url`,`level`) values ('09050623053','050623','JASINDA PRATIWI',NULL,'2015-02-28','0151','1229',NULL,'mhs');
insert  into `m_mahasiswa`(`nim`,`id_prodi`,`nama`,`tpt_lhr`,`tgl_lhr`,`asal`,`password`,`url`,`level`) values ('09050623068','050623','PUTY AISYAH RAHMANI WULANSARI',NULL,'2016-02-29','0152','7518',NULL,'mhs');
insert  into `m_mahasiswa`(`nim`,`id_prodi`,`nama`,`tpt_lhr`,`tgl_lhr`,`asal`,`password`,`url`,`level`) values ('09050623247','050623','PUTRI HARFINDRANI',NULL,NULL,'0151','3904',NULL,'mhs');
insert  into `m_mahasiswa`(`nim`,`id_prodi`,`nama`,`tpt_lhr`,`tgl_lhr`,`asal`,`password`,`url`,`level`) values ('09050623263','050623','JANIAH JENVIER HARIDAH',NULL,NULL,'0101','6965',NULL,'mhs');
insert  into `m_mahasiswa`(`nim`,`id_prodi`,`nama`,`tpt_lhr`,`tgl_lhr`,`asal`,`password`,`url`,`level`) values ('09050623281','050623','EVI DWI RUKMANASARI',NULL,NULL,'0152','3113',NULL,'mhs');
insert  into `m_mahasiswa`(`nim`,`id_prodi`,`nama`,`tpt_lhr`,`tgl_lhr`,`asal`,`password`,`url`,`level`) values ('10050623035','050623','DWI FATHONI ILHAM',NULL,NULL,'0501','4669','','mhs');
insert  into `m_mahasiswa`(`nim`,`id_prodi`,`nama`,`tpt_lhr`,`tgl_lhr`,`asal`,`password`,`url`,`level`) values ('10050623273','050623','ACHMAD AFANDI',NULL,NULL,'0507','4007',NULL,'mhs');
insert  into `m_mahasiswa`(`nim`,`id_prodi`,`nama`,`tpt_lhr`,`tgl_lhr`,`asal`,`password`,`url`,`level`) values ('10050623275','050623','FAHRUDDIN ARROSYAD',NULL,NULL,'0152','6026',NULL,'mhs');
insert  into `m_mahasiswa`(`nim`,`id_prodi`,`nama`,`tpt_lhr`,`tgl_lhr`,`asal`,`password`,`url`,`level`) values ('11050623010','050623','Noveria Anggraeni',NULL,NULL,'0502','8111',NULL,'mhs');
insert  into `m_mahasiswa`(`nim`,`id_prodi`,`nama`,`tpt_lhr`,`tgl_lhr`,`asal`,`password`,`url`,`level`) values ('11050623011','050623','Nissa Restiyana',NULL,NULL,NULL,'2476',NULL,'mhs');
insert  into `m_mahasiswa`(`nim`,`id_prodi`,`nama`,`tpt_lhr`,`tgl_lhr`,`asal`,`password`,`url`,`level`) values ('11050623012','050623','EVA ROSITA',NULL,NULL,NULL,'8049',NULL,'mhs');
insert  into `m_mahasiswa`(`nim`,`id_prodi`,`nama`,`tpt_lhr`,`tgl_lhr`,`asal`,`password`,`url`,`level`) values ('11050623013','050623','MAYA INDRAYATI AMALIYAH',NULL,NULL,NULL,'2815',NULL,'mhs');
insert  into `m_mahasiswa`(`nim`,`id_prodi`,`nama`,`tpt_lhr`,`tgl_lhr`,`asal`,`password`,`url`,`level`) values ('11050623015','050623','ASFIYATUL HANIA',NULL,NULL,NULL,'9927',NULL,'mhs');
insert  into `m_mahasiswa`(`nim`,`id_prodi`,`nama`,`tpt_lhr`,`tgl_lhr`,`asal`,`password`,`url`,`level`) values ('11050623017','050623','Widiyanti Nur Rochmah',NULL,NULL,NULL,'1189',NULL,'mhs');
insert  into `m_mahasiswa`(`nim`,`id_prodi`,`nama`,`tpt_lhr`,`tgl_lhr`,`asal`,`password`,`url`,`level`) values ('11050623018','050623','Setya Putri Handayani',NULL,NULL,NULL,'6167',NULL,'adm');
insert  into `m_mahasiswa`(`nim`,`id_prodi`,`nama`,`tpt_lhr`,`tgl_lhr`,`asal`,`password`,`url`,`level`) values ('11050623026','050623','SRI HARDIANTI RUKMANA',NULL,NULL,NULL,'7266',NULL,'mhs');
insert  into `m_mahasiswa`(`nim`,`id_prodi`,`nama`,`tpt_lhr`,`tgl_lhr`,`asal`,`password`,`url`,`level`) values ('11050623030','050623','Tito Fabriyanto',NULL,NULL,NULL,'7828',NULL,'mhs');
insert  into `m_mahasiswa`(`nim`,`id_prodi`,`nama`,`tpt_lhr`,`tgl_lhr`,`asal`,`password`,`url`,`level`) values ('11050623031','050623','ilfi eka nurdiyah',NULL,NULL,NULL,'7344',NULL,'mhs');
insert  into `m_mahasiswa`(`nim`,`id_prodi`,`nama`,`tpt_lhr`,`tgl_lhr`,`asal`,`password`,`url`,`level`) values ('11050623033','050623','Ahmad Zainul Khoriri',NULL,NULL,NULL,'3236',NULL,'mhs');
insert  into `m_mahasiswa`(`nim`,`id_prodi`,`nama`,`tpt_lhr`,`tgl_lhr`,`asal`,`password`,`url`,`level`) values ('11050623034','050623','AULIANI',NULL,NULL,NULL,'4148',NULL,'mhs');
insert  into `m_mahasiswa`(`nim`,`id_prodi`,`nama`,`tpt_lhr`,`tgl_lhr`,`asal`,`password`,`url`,`level`) values ('11050623035','050623','HENDRY DWIKI PUTRA PRADANA',NULL,NULL,NULL,'1034',NULL,'mhs');
insert  into `m_mahasiswa`(`nim`,`id_prodi`,`nama`,`tpt_lhr`,`tgl_lhr`,`asal`,`password`,`url`,`level`) values ('11050623036','050623','ADE YUDISTIRA WAHJOE POETRA',NULL,NULL,NULL,'2723',NULL,'mhs');
insert  into `m_mahasiswa`(`nim`,`id_prodi`,`nama`,`tpt_lhr`,`tgl_lhr`,`asal`,`password`,`url`,`level`) values ('11050623236','050623','WINDA ERA OKTAVIYANA',NULL,NULL,NULL,'5131',NULL,'mhs');
insert  into `m_mahasiswa`(`nim`,`id_prodi`,`nama`,`tpt_lhr`,`tgl_lhr`,`asal`,`password`,`url`,`level`) values ('11050623238','050623','LINDA HERAWATI',NULL,NULL,NULL,'4399',NULL,'mhs');
insert  into `m_mahasiswa`(`nim`,`id_prodi`,`nama`,`tpt_lhr`,`tgl_lhr`,`asal`,`password`,`url`,`level`) values ('11050623239','050623','AGNES ADELINA',NULL,NULL,NULL,'4539',NULL,'mhs');
insert  into `m_mahasiswa`(`nim`,`id_prodi`,`nama`,`tpt_lhr`,`tgl_lhr`,`asal`,`password`,`url`,`level`) values ('11050623241','050623','serly oki kurniasari',NULL,NULL,NULL,'9070',NULL,'mhs');
insert  into `m_mahasiswa`(`nim`,`id_prodi`,`nama`,`tpt_lhr`,`tgl_lhr`,`asal`,`password`,`url`,`level`) values ('11050623242','050623','SUANGGRA LILIK PURWANTI',NULL,NULL,NULL,'3990',NULL,'mhs');
insert  into `m_mahasiswa`(`nim`,`id_prodi`,`nama`,`tpt_lhr`,`tgl_lhr`,`asal`,`password`,`url`,`level`) values ('11050623243','050623','DITA WIDYA LESTARI',NULL,NULL,NULL,'2741',NULL,'mhs');
insert  into `m_mahasiswa`(`nim`,`id_prodi`,`nama`,`tpt_lhr`,`tgl_lhr`,`asal`,`password`,`url`,`level`) values ('11050623244','050623','KHUSNUL MA\'ARIF',NULL,NULL,NULL,'1732',NULL,'mhs');
insert  into `m_mahasiswa`(`nim`,`id_prodi`,`nama`,`tpt_lhr`,`tgl_lhr`,`asal`,`password`,`url`,`level`) values ('11050623245','050623','DITA ANIFATUL AZIZAH',NULL,NULL,NULL,'4419',NULL,'mhs');
insert  into `m_mahasiswa`(`nim`,`id_prodi`,`nama`,`tpt_lhr`,`tgl_lhr`,`asal`,`password`,`url`,`level`) values ('11050623246','050623','Joko Jatminto',NULL,NULL,NULL,'7006',NULL,'mhs');
insert  into `m_mahasiswa`(`nim`,`id_prodi`,`nama`,`tpt_lhr`,`tgl_lhr`,`asal`,`password`,`url`,`level`) values ('11050623247','050623','Chandra Puji Noviyanto',NULL,NULL,NULL,'3706',NULL,'mhs');
insert  into `m_mahasiswa`(`nim`,`id_prodi`,`nama`,`tpt_lhr`,`tgl_lhr`,`asal`,`password`,`url`,`level`) values ('11050623250','050623','IRMA YUANITA',NULL,NULL,NULL,'7514',NULL,'mhs');
insert  into `m_mahasiswa`(`nim`,`id_prodi`,`nama`,`tpt_lhr`,`tgl_lhr`,`asal`,`password`,`url`,`level`) values ('11050623251','050623','IVONIDELIA DEWI SUKA PUTRI',NULL,NULL,NULL,'6450',NULL,'mhs');
insert  into `m_mahasiswa`(`nim`,`id_prodi`,`nama`,`tpt_lhr`,`tgl_lhr`,`asal`,`password`,`url`,`level`) values ('11050623252','050623','Adelina Ika Pratiwi',NULL,NULL,NULL,'9708',NULL,'mhs');
insert  into `m_mahasiswa`(`nim`,`id_prodi`,`nama`,`tpt_lhr`,`tgl_lhr`,`asal`,`password`,`url`,`level`) values ('11050623253','050623','Rizka Dwi Maizaroh',NULL,NULL,NULL,'9192',NULL,'mhs');
insert  into `m_mahasiswa`(`nim`,`id_prodi`,`nama`,`tpt_lhr`,`tgl_lhr`,`asal`,`password`,`url`,`level`) values ('11050623254','050623','SEPTIANA ARIYANTI',NULL,NULL,NULL,'6833',NULL,'mhs');
insert  into `m_mahasiswa`(`nim`,`id_prodi`,`nama`,`tpt_lhr`,`tgl_lhr`,`asal`,`password`,`url`,`level`) values ('11050623256','050623','Danang Wahyu Kurniawan',NULL,NULL,NULL,'6593',NULL,'mhs');
insert  into `m_mahasiswa`(`nim`,`id_prodi`,`nama`,`tpt_lhr`,`tgl_lhr`,`asal`,`password`,`url`,`level`) values ('11050623257','050623','FATIMATUS SHOLEKHAH',NULL,NULL,NULL,'2462',NULL,'mhs');
insert  into `m_mahasiswa`(`nim`,`id_prodi`,`nama`,`tpt_lhr`,`tgl_lhr`,`asal`,`password`,`url`,`level`) values ('11050623258','050623','Bintang Adi Winarto',NULL,NULL,NULL,'2533',NULL,'mhs');
insert  into `m_mahasiswa`(`nim`,`id_prodi`,`nama`,`tpt_lhr`,`tgl_lhr`,`asal`,`password`,`url`,`level`) values ('11050623260','050623','LAIZIM SUHENDI',NULL,NULL,NULL,'5280',NULL,'mhs');
insert  into `m_mahasiswa`(`nim`,`id_prodi`,`nama`,`tpt_lhr`,`tgl_lhr`,`asal`,`password`,`url`,`level`) values ('11050623263','050623','LOLITA DEWI NOVIENTY',NULL,NULL,NULL,'8799',NULL,'mhs');
insert  into `m_mahasiswa`(`nim`,`id_prodi`,`nama`,`tpt_lhr`,`tgl_lhr`,`asal`,`password`,`url`,`level`) values ('11050623266','050623','musafak',NULL,NULL,NULL,'8154',NULL,'mhs');
insert  into `m_mahasiswa`(`nim`,`id_prodi`,`nama`,`tpt_lhr`,`tgl_lhr`,`asal`,`password`,`url`,`level`) values ('11050623272','050623','TRIYOGO MAHENDRA SAPUTRO',NULL,NULL,NULL,'4376',NULL,'mhs');
insert  into `m_mahasiswa`(`nim`,`id_prodi`,`nama`,`tpt_lhr`,`tgl_lhr`,`asal`,`password`,`url`,`level`) values ('11050623280','050623','Punggawa Ciptomukti',NULL,NULL,NULL,'7418',NULL,'mhs');
insert  into `m_mahasiswa`(`nim`,`id_prodi`,`nama`,`tpt_lhr`,`tgl_lhr`,`asal`,`password`,`url`,`level`) values ('11050623286','050623','ZULFIANA KARIMAH',NULL,NULL,NULL,'3959',NULL,'mhs');
insert  into `m_mahasiswa`(`nim`,`id_prodi`,`nama`,`tpt_lhr`,`tgl_lhr`,`asal`,`password`,`url`,`level`) values ('11050623297','050623','Ricky Setiawan',NULL,NULL,NULL,'7543',NULL,'mhs');
insert  into `m_mahasiswa`(`nim`,`id_prodi`,`nama`,`tpt_lhr`,`tgl_lhr`,`asal`,`password`,`url`,`level`) values ('11050623298','050623','PUTRI AYULIA NURSOFI',NULL,NULL,NULL,'5838',NULL,'mhs');
insert  into `m_mahasiswa`(`nim`,`id_prodi`,`nama`,`tpt_lhr`,`tgl_lhr`,`asal`,`password`,`url`,`level`) values ('11050623299','050623','Randi Prasetyo Utomo',NULL,NULL,NULL,'6563',NULL,'mhs');
insert  into `m_mahasiswa`(`nim`,`id_prodi`,`nama`,`tpt_lhr`,`tgl_lhr`,`asal`,`password`,`url`,`level`) values ('11050623300','050623','Dicky dwi hernanto',NULL,NULL,NULL,'5299',NULL,'mhs');
insert  into `m_mahasiswa`(`nim`,`id_prodi`,`nama`,`tpt_lhr`,`tgl_lhr`,`asal`,`password`,`url`,`level`) values ('11050623302','050623','Trisna Novanda',NULL,NULL,NULL,'6805',NULL,'mhs');
insert  into `m_mahasiswa`(`nim`,`id_prodi`,`nama`,`tpt_lhr`,`tgl_lhr`,`asal`,`password`,`url`,`level`) values ('11050623305','050623','Annas Hadi Firmansyah',NULL,NULL,NULL,'8127',NULL,'mhs');
insert  into `m_mahasiswa`(`nim`,`id_prodi`,`nama`,`tpt_lhr`,`tgl_lhr`,`asal`,`password`,`url`,`level`) values ('11050623306','050623','Juniar Sandra Prananca',NULL,NULL,NULL,'2219',NULL,'mhs');
insert  into `m_mahasiswa`(`nim`,`id_prodi`,`nama`,`tpt_lhr`,`tgl_lhr`,`asal`,`password`,`url`,`level`) values ('11050623307','050623','Erwin Fajar Kurniawan',NULL,NULL,NULL,'6723',NULL,'mhs');
insert  into `m_mahasiswa`(`nim`,`id_prodi`,`nama`,`tpt_lhr`,`tgl_lhr`,`asal`,`password`,`url`,`level`) values ('11050623311','050623','Silvia Kurnia NingTyas',NULL,NULL,NULL,'2951',NULL,'mhs');
insert  into `m_mahasiswa`(`nim`,`id_prodi`,`nama`,`tpt_lhr`,`tgl_lhr`,`asal`,`password`,`url`,`level`) values ('11050623312','050623','Linda Rahma Fibrilla',NULL,NULL,NULL,'4589',NULL,'mhs');
insert  into `m_mahasiswa`(`nim`,`id_prodi`,`nama`,`tpt_lhr`,`tgl_lhr`,`asal`,`password`,`url`,`level`) values ('11050623314','050623','MOCHAMAD AMIRUL ARBI',NULL,NULL,NULL,'4091',NULL,'mhs');
insert  into `m_mahasiswa`(`nim`,`id_prodi`,`nama`,`tpt_lhr`,`tgl_lhr`,`asal`,`password`,`url`,`level`) values ('11050623315','050623','ANA MAULIDATUR ROHMAH',NULL,NULL,NULL,'6688',NULL,'mhs');
insert  into `m_mahasiswa`(`nim`,`id_prodi`,`nama`,`tpt_lhr`,`tgl_lhr`,`asal`,`password`,`url`,`level`) values ('11050623316','050623','Sandy Setiawan',NULL,NULL,NULL,'1166',NULL,'mhs');
insert  into `m_mahasiswa`(`nim`,`id_prodi`,`nama`,`tpt_lhr`,`tgl_lhr`,`asal`,`password`,`url`,`level`) values ('11050623317','050623','M SYAIFUL RIZAL',NULL,NULL,NULL,'5767',NULL,'mhs');
insert  into `m_mahasiswa`(`nim`,`id_prodi`,`nama`,`tpt_lhr`,`tgl_lhr`,`asal`,`password`,`url`,`level`) values ('11050623318','050623','FITRI RAMADHANI',NULL,NULL,NULL,'5337',NULL,'mhs');
insert  into `m_mahasiswa`(`nim`,`id_prodi`,`nama`,`tpt_lhr`,`tgl_lhr`,`asal`,`password`,`url`,`level`) values ('11050623319','050623','Satria Hernanda',NULL,NULL,NULL,'9383',NULL,'mhs');
insert  into `m_mahasiswa`(`nim`,`id_prodi`,`nama`,`tpt_lhr`,`tgl_lhr`,`asal`,`password`,`url`,`level`) values ('11050623321','050623','NOVIAGATI PRAMUDIA',NULL,NULL,NULL,'9069',NULL,'mhs');
insert  into `m_mahasiswa`(`nim`,`id_prodi`,`nama`,`tpt_lhr`,`tgl_lhr`,`asal`,`password`,`url`,`level`) values ('11050623322','050623','MOKHAMAD ARIADI',NULL,NULL,NULL,'6380',NULL,'mhs');
insert  into `m_mahasiswa`(`nim`,`id_prodi`,`nama`,`tpt_lhr`,`tgl_lhr`,`asal`,`password`,`url`,`level`) values ('11050623323','050623','PUTRI AFRILINA',NULL,NULL,NULL,'9180',NULL,'mhs');
insert  into `m_mahasiswa`(`nim`,`id_prodi`,`nama`,`tpt_lhr`,`tgl_lhr`,`asal`,`password`,`url`,`level`) values ('11050623324','050623','MARSUCIANINGRUM KISTIYANI',NULL,NULL,NULL,'6761',NULL,'mhs');
insert  into `m_mahasiswa`(`nim`,`id_prodi`,`nama`,`tpt_lhr`,`tgl_lhr`,`asal`,`password`,`url`,`level`) values ('11050623325','050623','DITHA TRIYANI ENGGAWATI',NULL,NULL,NULL,'6266',NULL,'mhs');
insert  into `m_mahasiswa`(`nim`,`id_prodi`,`nama`,`tpt_lhr`,`tgl_lhr`,`asal`,`password`,`url`,`level`) values ('11050623328','050623','INDRI MEKAR SARI',NULL,NULL,NULL,'1044',NULL,'mhs');
insert  into `m_mahasiswa`(`nim`,`id_prodi`,`nama`,`tpt_lhr`,`tgl_lhr`,`asal`,`password`,`url`,`level`) values ('11050623329','050623','NINA SOFIANA',NULL,NULL,NULL,'6426',NULL,'mhs');
insert  into `m_mahasiswa`(`nim`,`id_prodi`,`nama`,`tpt_lhr`,`tgl_lhr`,`asal`,`password`,`url`,`level`) values ('11050623330','050623','Fitro Kurniadi',NULL,NULL,NULL,'8995',NULL,'mhs');
insert  into `m_mahasiswa`(`nim`,`id_prodi`,`nama`,`tpt_lhr`,`tgl_lhr`,`asal`,`password`,`url`,`level`) values ('12050974244','050974','Arista Indrajaya','','0000-00-00','','7403',NULL,'mhs');
insert  into `m_mahasiswa`(`nim`,`id_prodi`,`nama`,`tpt_lhr`,`tgl_lhr`,`asal`,`password`,`url`,`level`) values ('13050974001','050974','Daning Singgih Katmitasari','','0000-00-00','','5161',NULL,'mhs');
insert  into `m_mahasiswa`(`nim`,`id_prodi`,`nama`,`tpt_lhr`,`tgl_lhr`,`asal`,`password`,`url`,`level`) values ('13050974002','050974','Yayuk Suharning Rahayu','','0000-00-00','','9052',NULL,'mhs');
insert  into `m_mahasiswa`(`nim`,`id_prodi`,`nama`,`tpt_lhr`,`tgl_lhr`,`asal`,`password`,`url`,`level`) values ('13050974003','050974','Windy Rahmadia Pradanita','','0000-00-00','','7733',NULL,'mhs');
insert  into `m_mahasiswa`(`nim`,`id_prodi`,`nama`,`tpt_lhr`,`tgl_lhr`,`asal`,`password`,`url`,`level`) values ('13050974004','050974','Ridho Afrianda','','0000-00-00','','4327',NULL,'mhs');
insert  into `m_mahasiswa`(`nim`,`id_prodi`,`nama`,`tpt_lhr`,`tgl_lhr`,`asal`,`password`,`url`,`level`) values ('13050974005','050974','Yuli Wahyuningsih','','0000-00-00','','2391',NULL,'mhs');
insert  into `m_mahasiswa`(`nim`,`id_prodi`,`nama`,`tpt_lhr`,`tgl_lhr`,`asal`,`password`,`url`,`level`) values ('13050974006','050974','Miftachul Choir','','0000-00-00','','2766',NULL,'mhs');
insert  into `m_mahasiswa`(`nim`,`id_prodi`,`nama`,`tpt_lhr`,`tgl_lhr`,`asal`,`password`,`url`,`level`) values ('13050974007','050974','Lailatul Chusnia','','0000-00-00','','9520',NULL,'mhs');
insert  into `m_mahasiswa`(`nim`,`id_prodi`,`nama`,`tpt_lhr`,`tgl_lhr`,`asal`,`password`,`url`,`level`) values ('13050974008','050974','Ilham Abi Manyu','','0000-00-00','','1685',NULL,'mhs');
insert  into `m_mahasiswa`(`nim`,`id_prodi`,`nama`,`tpt_lhr`,`tgl_lhr`,`asal`,`password`,`url`,`level`) values ('13050974009','050974','Rizki Mucharomah','','0000-00-00','','2197',NULL,'mhs');
insert  into `m_mahasiswa`(`nim`,`id_prodi`,`nama`,`tpt_lhr`,`tgl_lhr`,`asal`,`password`,`url`,`level`) values ('13050974010','050974','Lutfia Ningtias','','0000-00-00','','1252',NULL,'mhs');
insert  into `m_mahasiswa`(`nim`,`id_prodi`,`nama`,`tpt_lhr`,`tgl_lhr`,`asal`,`password`,`url`,`level`) values ('13050974012','050974','Rosyid Kurniawan Setyobudi','','0000-00-00','','6694',NULL,'mhs');
insert  into `m_mahasiswa`(`nim`,`id_prodi`,`nama`,`tpt_lhr`,`tgl_lhr`,`asal`,`password`,`url`,`level`) values ('13050974013','050974','Bobby Trianda Rexa','','0000-00-00','','3615',NULL,'mhs');
insert  into `m_mahasiswa`(`nim`,`id_prodi`,`nama`,`tpt_lhr`,`tgl_lhr`,`asal`,`password`,`url`,`level`) values ('13050974014','050974','Redi Agus Setiawan','','0000-00-00','','9654',NULL,'mhs');
insert  into `m_mahasiswa`(`nim`,`id_prodi`,`nama`,`tpt_lhr`,`tgl_lhr`,`asal`,`password`,`url`,`level`) values ('13050974015','050974','Moh. Ikbal Fitriyanto','','0000-00-00','','8940',NULL,'mhs');
insert  into `m_mahasiswa`(`nim`,`id_prodi`,`nama`,`tpt_lhr`,`tgl_lhr`,`asal`,`password`,`url`,`level`) values ('13050974016','050974','Endang Suprani','','0000-00-00','','4746',NULL,'mhs');
insert  into `m_mahasiswa`(`nim`,`id_prodi`,`nama`,`tpt_lhr`,`tgl_lhr`,`asal`,`password`,`url`,`level`) values ('13050974017','050974','Shinta Andarista Ragastria','','0000-00-00','','3027',NULL,'mhs');
insert  into `m_mahasiswa`(`nim`,`id_prodi`,`nama`,`tpt_lhr`,`tgl_lhr`,`asal`,`password`,`url`,`level`) values ('13050974018','050974','Diemas Bagas Panca Pradana','','0000-00-00','','3841',NULL,'mhs');
insert  into `m_mahasiswa`(`nim`,`id_prodi`,`nama`,`tpt_lhr`,`tgl_lhr`,`asal`,`password`,`url`,`level`) values ('13050974019','050974','Febri Riza Fazain','','0000-00-00','','3565',NULL,'mhs');
insert  into `m_mahasiswa`(`nim`,`id_prodi`,`nama`,`tpt_lhr`,`tgl_lhr`,`asal`,`password`,`url`,`level`) values ('13050974020','050974','Janida Syakbandani','','0000-00-00','','1230',NULL,'mhs');
insert  into `m_mahasiswa`(`nim`,`id_prodi`,`nama`,`tpt_lhr`,`tgl_lhr`,`asal`,`password`,`url`,`level`) values ('13050974021','050974','Arya Putra Kusumawardana','','0000-00-00','','2865',NULL,'mhs');
insert  into `m_mahasiswa`(`nim`,`id_prodi`,`nama`,`tpt_lhr`,`tgl_lhr`,`asal`,`password`,`url`,`level`) values ('13050974022','050974','Lilis Nurindah Sari','','0000-00-00','','7395',NULL,'mhs');
insert  into `m_mahasiswa`(`nim`,`id_prodi`,`nama`,`tpt_lhr`,`tgl_lhr`,`asal`,`password`,`url`,`level`) values ('13050974023','050974','Fitri Wijayanti','','0000-00-00','','3254',NULL,'mhs');
insert  into `m_mahasiswa`(`nim`,`id_prodi`,`nama`,`tpt_lhr`,`tgl_lhr`,`asal`,`password`,`url`,`level`) values ('13050974024','050974','Mochamad Zulfahmi','','0000-00-00','','7413',NULL,'mhs');
insert  into `m_mahasiswa`(`nim`,`id_prodi`,`nama`,`tpt_lhr`,`tgl_lhr`,`asal`,`password`,`url`,`level`) values ('13050974025','050974','Imam Taqriduan','','0000-00-00','','4610',NULL,'mhs');
insert  into `m_mahasiswa`(`nim`,`id_prodi`,`nama`,`tpt_lhr`,`tgl_lhr`,`asal`,`password`,`url`,`level`) values ('13050974027','050974','Taufiqurrahman Saleh Afif','','0000-00-00','','7282',NULL,'mhs');
insert  into `m_mahasiswa`(`nim`,`id_prodi`,`nama`,`tpt_lhr`,`tgl_lhr`,`asal`,`password`,`url`,`level`) values ('13050974028','050974','Pungky Achmat S','','0000-00-00','','3243',NULL,'mhs');
insert  into `m_mahasiswa`(`nim`,`id_prodi`,`nama`,`tpt_lhr`,`tgl_lhr`,`asal`,`password`,`url`,`level`) values ('13050974029','050974','Hanifa Baity Masruro','','0000-00-00','','3383',NULL,'adm');
insert  into `m_mahasiswa`(`nim`,`id_prodi`,`nama`,`tpt_lhr`,`tgl_lhr`,`asal`,`password`,`url`,`level`) values ('13050974030','050974','Rizma Tri Ariyani','','0000-00-00','','2427',NULL,'mhs');
insert  into `m_mahasiswa`(`nim`,`id_prodi`,`nama`,`tpt_lhr`,`tgl_lhr`,`asal`,`password`,`url`,`level`) values ('13050974031','050974','Gesang Andi Prasetyo','','0000-00-00','','3151',NULL,'mhs');
insert  into `m_mahasiswa`(`nim`,`id_prodi`,`nama`,`tpt_lhr`,`tgl_lhr`,`asal`,`password`,`url`,`level`) values ('13050974032','050974','Bagus Prihatin','','0000-00-00','','9715',NULL,'mhs');
insert  into `m_mahasiswa`(`nim`,`id_prodi`,`nama`,`tpt_lhr`,`tgl_lhr`,`asal`,`password`,`url`,`level`) values ('13050974033','050974','Kurnia Uswatun C.','','0000-00-00','','1303',NULL,'mhs');
insert  into `m_mahasiswa`(`nim`,`id_prodi`,`nama`,`tpt_lhr`,`tgl_lhr`,`asal`,`password`,`url`,`level`) values ('13050974034','050974','Arman Johan','','0000-00-00','','4762',NULL,'mhs');
insert  into `m_mahasiswa`(`nim`,`id_prodi`,`nama`,`tpt_lhr`,`tgl_lhr`,`asal`,`password`,`url`,`level`) values ('13050974035','050974','Nova Saifudin','','0000-00-00','','1264',NULL,'mhs');
insert  into `m_mahasiswa`(`nim`,`id_prodi`,`nama`,`tpt_lhr`,`tgl_lhr`,`asal`,`password`,`url`,`level`) values ('13050974037','050974','LYGA FAKHIN PERDANA PUTRA','','0000-00-00','','2918',NULL,'mhs');
insert  into `m_mahasiswa`(`nim`,`id_prodi`,`nama`,`tpt_lhr`,`tgl_lhr`,`asal`,`password`,`url`,`level`) values ('13050974038','050974','ROSDAMA YULIANTO','','0000-00-00','','9481',NULL,'mhs');
insert  into `m_mahasiswa`(`nim`,`id_prodi`,`nama`,`tpt_lhr`,`tgl_lhr`,`asal`,`password`,`url`,`level`) values ('13050974039','050974','UMAR AL FARUQ','','0000-00-00','','5369',NULL,'mhs');
insert  into `m_mahasiswa`(`nim`,`id_prodi`,`nama`,`tpt_lhr`,`tgl_lhr`,`asal`,`password`,`url`,`level`) values ('13050974040','050974','SHOHIB','','0000-00-00','','2019',NULL,'adm');
insert  into `m_mahasiswa`(`nim`,`id_prodi`,`nama`,`tpt_lhr`,`tgl_lhr`,`asal`,`password`,`url`,`level`) values ('13050974041','050974','VIOLIETA AGUSTININGRUM','','0000-00-00','','6752',NULL,'mhs');
insert  into `m_mahasiswa`(`nim`,`id_prodi`,`nama`,`tpt_lhr`,`tgl_lhr`,`asal`,`password`,`url`,`level`) values ('13050974042','050974','INTAN NUR KUMALA S','','0000-00-00','','8526',NULL,'mhs');
insert  into `m_mahasiswa`(`nim`,`id_prodi`,`nama`,`tpt_lhr`,`tgl_lhr`,`asal`,`password`,`url`,`level`) values ('13050974043','050974','FANY ROSITA DEWI','','0000-00-00','','3384',NULL,'mhs');
insert  into `m_mahasiswa`(`nim`,`id_prodi`,`nama`,`tpt_lhr`,`tgl_lhr`,`asal`,`password`,`url`,`level`) values ('13050974044','050974','MITA EDTRIKAWATI','','0000-00-00','','2692',NULL,'mhs');
insert  into `m_mahasiswa`(`nim`,`id_prodi`,`nama`,`tpt_lhr`,`tgl_lhr`,`asal`,`password`,`url`,`level`) values ('13050974045','050974','PAHALA FAJAR JAYA','','0000-00-00','','6506',NULL,'mhs');
insert  into `m_mahasiswa`(`nim`,`id_prodi`,`nama`,`tpt_lhr`,`tgl_lhr`,`asal`,`password`,`url`,`level`) values ('13050974046','050974','MUKHAMAD SYAIFULLAH','','0000-00-00','','2663',NULL,'mhs');
insert  into `m_mahasiswa`(`nim`,`id_prodi`,`nama`,`tpt_lhr`,`tgl_lhr`,`asal`,`password`,`url`,`level`) values ('13050974048','050974','MUHAMMAD NUGROHO','','0000-00-00','','9536',NULL,'mhs');
insert  into `m_mahasiswa`(`nim`,`id_prodi`,`nama`,`tpt_lhr`,`tgl_lhr`,`asal`,`password`,`url`,`level`) values ('13050974049','050974','ANWAR KHOIRI','','0000-00-00','','6441',NULL,'mhs');
insert  into `m_mahasiswa`(`nim`,`id_prodi`,`nama`,`tpt_lhr`,`tgl_lhr`,`asal`,`password`,`url`,`level`) values ('13050974050','050974','RENDY ADI WIBOWO','','0000-00-00','','1193',NULL,'mhs');
insert  into `m_mahasiswa`(`nim`,`id_prodi`,`nama`,`tpt_lhr`,`tgl_lhr`,`asal`,`password`,`url`,`level`) values ('13050974051','050974','DEWA AYU PRISMA DEWI','','0000-00-00','','6441',NULL,'mhs');
insert  into `m_mahasiswa`(`nim`,`id_prodi`,`nama`,`tpt_lhr`,`tgl_lhr`,`asal`,`password`,`url`,`level`) values ('13050974052','050974','HELDA APGANENDARIA O','','0000-00-00','','7215',NULL,'mhs');
insert  into `m_mahasiswa`(`nim`,`id_prodi`,`nama`,`tpt_lhr`,`tgl_lhr`,`asal`,`password`,`url`,`level`) values ('13050974053','050974','ARYO SETO W','','0000-00-00','','5112',NULL,'mhs');
insert  into `m_mahasiswa`(`nim`,`id_prodi`,`nama`,`tpt_lhr`,`tgl_lhr`,`asal`,`password`,`url`,`level`) values ('13050974054','050974','NAUFAL AL FARIZI','','0000-00-00','','3620',NULL,'mhs');
insert  into `m_mahasiswa`(`nim`,`id_prodi`,`nama`,`tpt_lhr`,`tgl_lhr`,`asal`,`password`,`url`,`level`) values ('13050974055','050974','SOLEHODDIN','','0000-00-00','','6558',NULL,'mhs');
insert  into `m_mahasiswa`(`nim`,`id_prodi`,`nama`,`tpt_lhr`,`tgl_lhr`,`asal`,`password`,`url`,`level`) values ('13050974056','050974','ACHMAD RIFAI','','0000-00-00','','6666',NULL,'mhs');
insert  into `m_mahasiswa`(`nim`,`id_prodi`,`nama`,`tpt_lhr`,`tgl_lhr`,`asal`,`password`,`url`,`level`) values ('13050974057','050974','FACHRUR ROZAQ','','0000-00-00','','5983',NULL,'mhs');
insert  into `m_mahasiswa`(`nim`,`id_prodi`,`nama`,`tpt_lhr`,`tgl_lhr`,`asal`,`password`,`url`,`level`) values ('13050974059','050974','RAMADHANI RANI R','','0000-00-00','','9151',NULL,'mhs');
insert  into `m_mahasiswa`(`nim`,`id_prodi`,`nama`,`tpt_lhr`,`tgl_lhr`,`asal`,`password`,`url`,`level`) values ('13050974060','050974','CAHYO EKO PRASETIO','','0000-00-00','','7923',NULL,'mhs');
insert  into `m_mahasiswa`(`nim`,`id_prodi`,`nama`,`tpt_lhr`,`tgl_lhr`,`asal`,`password`,`url`,`level`) values ('13050974061','050974','VALENT YUDISTIRA','','0000-00-00','','5807',NULL,'mhs');
insert  into `m_mahasiswa`(`nim`,`id_prodi`,`nama`,`tpt_lhr`,`tgl_lhr`,`asal`,`password`,`url`,`level`) values ('13050974062','050974','GUMELAR TAQWA ISFATONY','','0000-00-00','','3692',NULL,'mhs');
insert  into `m_mahasiswa`(`nim`,`id_prodi`,`nama`,`tpt_lhr`,`tgl_lhr`,`asal`,`password`,`url`,`level`) values ('13050974063','050974','Muhammad Husnul Hafizh Alfian','','0000-00-00','','2489',NULL,'mhs');
insert  into `m_mahasiswa`(`nim`,`id_prodi`,`nama`,`tpt_lhr`,`tgl_lhr`,`asal`,`password`,`url`,`level`) values ('13050974064','050974','MOHAMMAD AGUS SALIM','','0000-00-00','','8497',NULL,'mhs');
insert  into `m_mahasiswa`(`nim`,`id_prodi`,`nama`,`tpt_lhr`,`tgl_lhr`,`asal`,`password`,`url`,`level`) values ('13050974065','050974','FIRDA FATMA WATI','','0000-00-00','','9501',NULL,'mhs');
insert  into `m_mahasiswa`(`nim`,`id_prodi`,`nama`,`tpt_lhr`,`tgl_lhr`,`asal`,`password`,`url`,`level`) values ('13050974067','050974','INDAH KURNIAWAN','','0000-00-00','','5804',NULL,'mhs');
insert  into `m_mahasiswa`(`nim`,`id_prodi`,`nama`,`tpt_lhr`,`tgl_lhr`,`asal`,`password`,`url`,`level`) values ('13050974068','050974','aji laksono putro','','0000-00-00','','5556',NULL,'mhs');
insert  into `m_mahasiswa`(`nim`,`id_prodi`,`nama`,`tpt_lhr`,`tgl_lhr`,`asal`,`password`,`url`,`level`) values ('13050974069','050974','ARY ARGUBHY','','0000-00-00','','5692',NULL,'mhs');
insert  into `m_mahasiswa`(`nim`,`id_prodi`,`nama`,`tpt_lhr`,`tgl_lhr`,`asal`,`password`,`url`,`level`) values ('13050974070','050974','AGUNG WAHONO','','0000-00-00','','7706',NULL,'mhs');
insert  into `m_mahasiswa`(`nim`,`id_prodi`,`nama`,`tpt_lhr`,`tgl_lhr`,`asal`,`password`,`url`,`level`) values ('13050974071','050974','WINDY AYU ESTIKA','','0000-00-00','','8582',NULL,'mhs');
insert  into `m_mahasiswa`(`nim`,`id_prodi`,`nama`,`tpt_lhr`,`tgl_lhr`,`asal`,`password`,`url`,`level`) values ('13050974072','050974','DIAN BAGUS HARMOKO','','0000-00-00','','5847',NULL,'mhs');
insert  into `m_mahasiswa`(`nim`,`id_prodi`,`nama`,`tpt_lhr`,`tgl_lhr`,`asal`,`password`,`url`,`level`) values ('13050974073','050974','WACHID MUDI WALUYO','','0000-00-00','','2942',NULL,'mhs');
insert  into `m_mahasiswa`(`nim`,`id_prodi`,`nama`,`tpt_lhr`,`tgl_lhr`,`asal`,`password`,`url`,`level`) values ('13050974074','050974','Benazir Cahya Abadi','','0000-00-00','','7444',NULL,'mhs');
insert  into `m_mahasiswa`(`nim`,`id_prodi`,`nama`,`tpt_lhr`,`tgl_lhr`,`asal`,`password`,`url`,`level`) values ('13050974075','050974','Muhammad Iqbal','','0000-00-00','','8609',NULL,'mhs');
insert  into `m_mahasiswa`(`nim`,`id_prodi`,`nama`,`tpt_lhr`,`tgl_lhr`,`asal`,`password`,`url`,`level`) values ('13050974076','050974','Kevin Patria Kusuma','','0000-00-00','','6813',NULL,'mhs');
insert  into `m_mahasiswa`(`nim`,`id_prodi`,`nama`,`tpt_lhr`,`tgl_lhr`,`asal`,`password`,`url`,`level`) values ('13050974077','050974','RENDRA PERDANA IRAWAN','','0000-00-00','','8726',NULL,'mhs');
insert  into `m_mahasiswa`(`nim`,`id_prodi`,`nama`,`tpt_lhr`,`tgl_lhr`,`asal`,`password`,`url`,`level`) values ('13050974078','050974','Noviatin Nisak','','0000-00-00','','7929',NULL,'mhs');
insert  into `m_mahasiswa`(`nim`,`id_prodi`,`nama`,`tpt_lhr`,`tgl_lhr`,`asal`,`password`,`url`,`level`) values ('13050974080','050974','ZYAZYANG LEO PRATAMA','','0000-00-00','','7655',NULL,'mhs');
insert  into `m_mahasiswa`(`nim`,`id_prodi`,`nama`,`tpt_lhr`,`tgl_lhr`,`asal`,`password`,`url`,`level`) values ('13050974081','050974','Muchamad Ilham Nur Saputro','','0000-00-00','','4941',NULL,'mhs');
insert  into `m_mahasiswa`(`nim`,`id_prodi`,`nama`,`tpt_lhr`,`tgl_lhr`,`asal`,`password`,`url`,`level`) values ('13050974082','050974','TYO WILDAN AFRIZAL FARDANI','','0000-00-00','','8150',NULL,'mhs');
insert  into `m_mahasiswa`(`nim`,`id_prodi`,`nama`,`tpt_lhr`,`tgl_lhr`,`asal`,`password`,`url`,`level`) values ('13050974083','050974','NAYLATUN NI\'MATIL MUKARROMAH','','0000-00-00','','2908',NULL,'mhs');
insert  into `m_mahasiswa`(`nim`,`id_prodi`,`nama`,`tpt_lhr`,`tgl_lhr`,`asal`,`password`,`url`,`level`) values ('13050974084','050974','Rachmat Purwanto','','0000-00-00','','1919',NULL,'mhs');
insert  into `m_mahasiswa`(`nim`,`id_prodi`,`nama`,`tpt_lhr`,`tgl_lhr`,`asal`,`password`,`url`,`level`) values ('13050974085','050974','TAUFIQ PANDU AMPRILIAMBUDI','','0000-00-00','','4848',NULL,'mhs');
insert  into `m_mahasiswa`(`nim`,`id_prodi`,`nama`,`tpt_lhr`,`tgl_lhr`,`asal`,`password`,`url`,`level`) values ('13050974087','050974','Wimona Talitha Fendya','','0000-00-00','','5226',NULL,'mhs');
insert  into `m_mahasiswa`(`nim`,`id_prodi`,`nama`,`tpt_lhr`,`tgl_lhr`,`asal`,`password`,`url`,`level`) values ('13050974088','050974','RIZALDY FATHA PRINGGAR','','0000-00-00','','9975',NULL,'mhs');
insert  into `m_mahasiswa`(`nim`,`id_prodi`,`nama`,`tpt_lhr`,`tgl_lhr`,`asal`,`password`,`url`,`level`) values ('13050974089','050974','M. Triwahyudi','','0000-00-00','','3041',NULL,'mhs');
insert  into `m_mahasiswa`(`nim`,`id_prodi`,`nama`,`tpt_lhr`,`tgl_lhr`,`asal`,`password`,`url`,`level`) values ('13050974090','050974','Ahmad Ila Rohmatillah','','0000-00-00','','9215',NULL,'mhs');
insert  into `m_mahasiswa`(`nim`,`id_prodi`,`nama`,`tpt_lhr`,`tgl_lhr`,`asal`,`password`,`url`,`level`) values ('13050974091','050974','Herdina Eka Kartikawati','','0000-00-00','','8803',NULL,'mhs');
insert  into `m_mahasiswa`(`nim`,`id_prodi`,`nama`,`tpt_lhr`,`tgl_lhr`,`asal`,`password`,`url`,`level`) values ('13050974092','050974','Muhammad Afrizal Bakhri','','0000-00-00','','6218',NULL,'mhs');
insert  into `m_mahasiswa`(`nim`,`id_prodi`,`nama`,`tpt_lhr`,`tgl_lhr`,`asal`,`password`,`url`,`level`) values ('13050974093','050974','Theresia Sinta Silvana','','0000-00-00','','1733',NULL,'mhs');
insert  into `m_mahasiswa`(`nim`,`id_prodi`,`nama`,`tpt_lhr`,`tgl_lhr`,`asal`,`password`,`url`,`level`) values ('13050974094','050974','HAPPY INDRA CHUSNURAAFI','','0000-00-00','','5698',NULL,'mhs');
insert  into `m_mahasiswa`(`nim`,`id_prodi`,`nama`,`tpt_lhr`,`tgl_lhr`,`asal`,`password`,`url`,`level`) values ('13050974095','050974','ANGGA SAPUTRA','','0000-00-00','','5516',NULL,'mhs');
insert  into `m_mahasiswa`(`nim`,`id_prodi`,`nama`,`tpt_lhr`,`tgl_lhr`,`asal`,`password`,`url`,`level`) values ('13050974096','050974','Fachrul Anggraha Putra','','0000-00-00','','6522',NULL,'mhs');
insert  into `m_mahasiswa`(`nim`,`id_prodi`,`nama`,`tpt_lhr`,`tgl_lhr`,`asal`,`password`,`url`,`level`) values ('13050974097','050974','Muhammad Bagus Pambudi','','0000-00-00','','7489',NULL,'mhs');
insert  into `m_mahasiswa`(`nim`,`id_prodi`,`nama`,`tpt_lhr`,`tgl_lhr`,`asal`,`password`,`url`,`level`) values ('13050974098','050974','Bayu Hermawan Adi P','','0000-00-00','','2116',NULL,'mhs');
insert  into `m_mahasiswa`(`nim`,`id_prodi`,`nama`,`tpt_lhr`,`tgl_lhr`,`asal`,`password`,`url`,`level`) values ('13050974099','050974','M Bagus Suryo L','','0000-00-00','','9167',NULL,'mhs');
insert  into `m_mahasiswa`(`nim`,`id_prodi`,`nama`,`tpt_lhr`,`tgl_lhr`,`asal`,`password`,`url`,`level`) values ('14050974001','050974','ANAS CAHYA MUSFIKIN','','0000-00-00','','6297','','mhs');
insert  into `m_mahasiswa`(`nim`,`id_prodi`,`nama`,`tpt_lhr`,`tgl_lhr`,`asal`,`password`,`url`,`level`) values ('14050974002','050974','MEIDINA EKI HABSARI','','0000-00-00','','8521','','mhs');
insert  into `m_mahasiswa`(`nim`,`id_prodi`,`nama`,`tpt_lhr`,`tgl_lhr`,`asal`,`password`,`url`,`level`) values ('14050974003','050974','AMELIA ROSITA','','0000-00-00','','2884','','mhs');
insert  into `m_mahasiswa`(`nim`,`id_prodi`,`nama`,`tpt_lhr`,`tgl_lhr`,`asal`,`password`,`url`,`level`) values ('14050974004','050974','MOHAMMAD KHILMI MU\'AAFII','','0000-00-00','','3371','','mhs');
insert  into `m_mahasiswa`(`nim`,`id_prodi`,`nama`,`tpt_lhr`,`tgl_lhr`,`asal`,`password`,`url`,`level`) values ('14050974005','050974','HERLAMBANG DWI CAHYO','','0000-00-00','','2304','','mhs');
insert  into `m_mahasiswa`(`nim`,`id_prodi`,`nama`,`tpt_lhr`,`tgl_lhr`,`asal`,`password`,`url`,`level`) values ('14050974007','050974','RENGGA MAS JOLANG','','0000-00-00','','5701','','mhs');
insert  into `m_mahasiswa`(`nim`,`id_prodi`,`nama`,`tpt_lhr`,`tgl_lhr`,`asal`,`password`,`url`,`level`) values ('14050974008','050974','Yan Pramana Hadi Putra','','0000-00-00','','7989','','mhs');
insert  into `m_mahasiswa`(`nim`,`id_prodi`,`nama`,`tpt_lhr`,`tgl_lhr`,`asal`,`password`,`url`,`level`) values ('14050974009','050974','Eli Zuliana Putri','','0000-00-00','','9001','','mhs');
insert  into `m_mahasiswa`(`nim`,`id_prodi`,`nama`,`tpt_lhr`,`tgl_lhr`,`asal`,`password`,`url`,`level`) values ('14050974010','050974','VENY KIKI NURMALA','','0000-00-00','','9031','','mhs');
insert  into `m_mahasiswa`(`nim`,`id_prodi`,`nama`,`tpt_lhr`,`tgl_lhr`,`asal`,`password`,`url`,`level`) values ('14050974011','050974','IRA KURNIAWATI','','0000-00-00','','8171','','mhs');
insert  into `m_mahasiswa`(`nim`,`id_prodi`,`nama`,`tpt_lhr`,`tgl_lhr`,`asal`,`password`,`url`,`level`) values ('14050974012','050974','ABLI BAGUS PRAKOSO','','0000-00-00','','5306','','mhs');
insert  into `m_mahasiswa`(`nim`,`id_prodi`,`nama`,`tpt_lhr`,`tgl_lhr`,`asal`,`password`,`url`,`level`) values ('14050974013','050974','Lillah Ashiroti Prameswari','','0000-00-00','','8506','','mhs');
insert  into `m_mahasiswa`(`nim`,`id_prodi`,`nama`,`tpt_lhr`,`tgl_lhr`,`asal`,`password`,`url`,`level`) values ('14050974014','050974','AZTIKHA SUHARTINA','','0000-00-00','','6505','','mhs');
insert  into `m_mahasiswa`(`nim`,`id_prodi`,`nama`,`tpt_lhr`,`tgl_lhr`,`asal`,`password`,`url`,`level`) values ('14050974015','050974','ANAS MUHAMMAD ABDUL HAKIM','','0000-00-00','','1792','','mhs');
insert  into `m_mahasiswa`(`nim`,`id_prodi`,`nama`,`tpt_lhr`,`tgl_lhr`,`asal`,`password`,`url`,`level`) values ('14050974016','050974','Muhammad Syarifuddin','','0000-00-00','','1992','','mhs');
insert  into `m_mahasiswa`(`nim`,`id_prodi`,`nama`,`tpt_lhr`,`tgl_lhr`,`asal`,`password`,`url`,`level`) values ('14050974017','050974','ANDI PUTRA PRADANA','','0000-00-00','','7402','','mhs');
insert  into `m_mahasiswa`(`nim`,`id_prodi`,`nama`,`tpt_lhr`,`tgl_lhr`,`asal`,`password`,`url`,`level`) values ('14050974018','050974','Hajar Nopin Artika','','0000-00-00','','1533','','mhs');
insert  into `m_mahasiswa`(`nim`,`id_prodi`,`nama`,`tpt_lhr`,`tgl_lhr`,`asal`,`password`,`url`,`level`) values ('14050974019','050974','MOCHAMMAD KHOIRUL ANWAR','','0000-00-00','','4168','','mhs');
insert  into `m_mahasiswa`(`nim`,`id_prodi`,`nama`,`tpt_lhr`,`tgl_lhr`,`asal`,`password`,`url`,`level`) values ('14050974020','050974','FARADINA TRESINDA PERTIWI','','0000-00-00','','2357','','mhs');
insert  into `m_mahasiswa`(`nim`,`id_prodi`,`nama`,`tpt_lhr`,`tgl_lhr`,`asal`,`password`,`url`,`level`) values ('14050974021','050974','HANI DWI SEPTIANA','','0000-00-00','','2191','','mhs');
insert  into `m_mahasiswa`(`nim`,`id_prodi`,`nama`,`tpt_lhr`,`tgl_lhr`,`asal`,`password`,`url`,`level`) values ('14050974022','050974','Churin \'In','','0000-00-00','','1140','','mhs');
insert  into `m_mahasiswa`(`nim`,`id_prodi`,`nama`,`tpt_lhr`,`tgl_lhr`,`asal`,`password`,`url`,`level`) values ('14050974023','050974','Irawan Dwi Nugroho','','0000-00-00','','1221','','mhs');
insert  into `m_mahasiswa`(`nim`,`id_prodi`,`nama`,`tpt_lhr`,`tgl_lhr`,`asal`,`password`,`url`,`level`) values ('14050974024','050974','HANANTA AGUSTIAR ZHELMICO','','0000-00-00','','7719','','mhs');
insert  into `m_mahasiswa`(`nim`,`id_prodi`,`nama`,`tpt_lhr`,`tgl_lhr`,`asal`,`password`,`url`,`level`) values ('14050974025','050974','AHMAD NIZAR','','0000-00-00','','5451','','mhs');
insert  into `m_mahasiswa`(`nim`,`id_prodi`,`nama`,`tpt_lhr`,`tgl_lhr`,`asal`,`password`,`url`,`level`) values ('14050974026','050974','Mochamad Risky Syambilla','','0000-00-00','','2469','','mhs');
insert  into `m_mahasiswa`(`nim`,`id_prodi`,`nama`,`tpt_lhr`,`tgl_lhr`,`asal`,`password`,`url`,`level`) values ('14050974027','050974','ILMI RAMADHANA','','0000-00-00','','3684','','mhs');
insert  into `m_mahasiswa`(`nim`,`id_prodi`,`nama`,`tpt_lhr`,`tgl_lhr`,`asal`,`password`,`url`,`level`) values ('14050974028','050974','Ulul Intan Setianingrum','','0000-00-00','','3843','','mhs');
insert  into `m_mahasiswa`(`nim`,`id_prodi`,`nama`,`tpt_lhr`,`tgl_lhr`,`asal`,`password`,`url`,`level`) values ('14050974029','050974','Deski Dwi Cahyani','','0000-00-00','','5618','','mhs');
insert  into `m_mahasiswa`(`nim`,`id_prodi`,`nama`,`tpt_lhr`,`tgl_lhr`,`asal`,`password`,`url`,`level`) values ('14050974030','050974','first nathanael bobby putra','','0000-00-00','','2647',NULL,'mhs');
insert  into `m_mahasiswa`(`nim`,`id_prodi`,`nama`,`tpt_lhr`,`tgl_lhr`,`asal`,`password`,`url`,`level`) values ('14050974031','050974','Dwi Kurniawan Arifandi','','0000-00-00','','7938','','mhs');
insert  into `m_mahasiswa`(`nim`,`id_prodi`,`nama`,`tpt_lhr`,`tgl_lhr`,`asal`,`password`,`url`,`level`) values ('14050974032','050974','Grica Arik Fajriyanti Rochim Sari','','0000-00-00','','7190','','mhs');
insert  into `m_mahasiswa`(`nim`,`id_prodi`,`nama`,`tpt_lhr`,`tgl_lhr`,`asal`,`password`,`url`,`level`) values ('14050974033','050974','Febriansyah Haq','','0000-00-00','','7176','','mhs');
insert  into `m_mahasiswa`(`nim`,`id_prodi`,`nama`,`tpt_lhr`,`tgl_lhr`,`asal`,`password`,`url`,`level`) values ('14050974034','050974','RAHMAT HIDAYATULLOH','','0000-00-00','','2925',NULL,'mhs');
insert  into `m_mahasiswa`(`nim`,`id_prodi`,`nama`,`tpt_lhr`,`tgl_lhr`,`asal`,`password`,`url`,`level`) values ('14050974036','050974','Ary Yulianti','','0000-00-00','','4687','','mhs');
insert  into `m_mahasiswa`(`nim`,`id_prodi`,`nama`,`tpt_lhr`,`tgl_lhr`,`asal`,`password`,`url`,`level`) values ('14050974037','050974','MUHAMMAD FAISAL FANANI','','0000-00-00','','8302',NULL,'mhs');
insert  into `m_mahasiswa`(`nim`,`id_prodi`,`nama`,`tpt_lhr`,`tgl_lhr`,`asal`,`password`,`url`,`level`) values ('14050974038','050974','Iqbal Wahyu Romadhon','','0000-00-00','','6602','','mhs');
insert  into `m_mahasiswa`(`nim`,`id_prodi`,`nama`,`tpt_lhr`,`tgl_lhr`,`asal`,`password`,`url`,`level`) values ('14050974040','050974','Luthfan.zhafiri','','0000-00-00','','8621','','mhs');
insert  into `m_mahasiswa`(`nim`,`id_prodi`,`nama`,`tpt_lhr`,`tgl_lhr`,`asal`,`password`,`url`,`level`) values ('14050974042','050974','Rizky Dias Saputra','','0000-00-00','','5812',NULL,'mhs');
insert  into `m_mahasiswa`(`nim`,`id_prodi`,`nama`,`tpt_lhr`,`tgl_lhr`,`asal`,`password`,`url`,`level`) values ('14050974043','050974','Andhika Puntadewa','','0000-00-00','','1490','','mhs');
insert  into `m_mahasiswa`(`nim`,`id_prodi`,`nama`,`tpt_lhr`,`tgl_lhr`,`asal`,`password`,`url`,`level`) values ('14050974045','050974','ROSE NUR VITASARI','','0000-00-00','','1371','','mhs');
insert  into `m_mahasiswa`(`nim`,`id_prodi`,`nama`,`tpt_lhr`,`tgl_lhr`,`asal`,`password`,`url`,`level`) values ('14050974046','050974','Jefri Azwar Anas','','0000-00-00','','1810',NULL,'mhs');
insert  into `m_mahasiswa`(`nim`,`id_prodi`,`nama`,`tpt_lhr`,`tgl_lhr`,`asal`,`password`,`url`,`level`) values ('14050974047','050974','Anjar Dwi Sasongko','','0000-00-00','','4136',NULL,'mhs');
insert  into `m_mahasiswa`(`nim`,`id_prodi`,`nama`,`tpt_lhr`,`tgl_lhr`,`asal`,`password`,`url`,`level`) values ('14050974048','050974','Rivi Hamdani','','0000-00-00','','7721','','mhs');
insert  into `m_mahasiswa`(`nim`,`id_prodi`,`nama`,`tpt_lhr`,`tgl_lhr`,`asal`,`password`,`url`,`level`) values ('14050974049','050974','NURHAYATI N LR','','0000-00-00','','7300','','mhs');
insert  into `m_mahasiswa`(`nim`,`id_prodi`,`nama`,`tpt_lhr`,`tgl_lhr`,`asal`,`password`,`url`,`level`) values ('14050974050','050974','NUR AFNI SYARIFAH','','0000-00-00','','6647','','mhs');
insert  into `m_mahasiswa`(`nim`,`id_prodi`,`nama`,`tpt_lhr`,`tgl_lhr`,`asal`,`password`,`url`,`level`) values ('14050974051','050974','Syarif Hidayatullah','','0000-00-00','','5672',NULL,'mhs');
insert  into `m_mahasiswa`(`nim`,`id_prodi`,`nama`,`tpt_lhr`,`tgl_lhr`,`asal`,`password`,`url`,`level`) values ('14050974052','050974','Ristyawan Kautsar','','0000-00-00','','7565',NULL,'mhs');
insert  into `m_mahasiswa`(`nim`,`id_prodi`,`nama`,`tpt_lhr`,`tgl_lhr`,`asal`,`password`,`url`,`level`) values ('14050974053','050974','Febrian Edi Tjahjono','','0000-00-00','','9408',NULL,'mhs');
insert  into `m_mahasiswa`(`nim`,`id_prodi`,`nama`,`tpt_lhr`,`tgl_lhr`,`asal`,`password`,`url`,`level`) values ('14050974054','050974','Belvi Rilo Findastuti','','0000-00-00','','2386','','mhs');
insert  into `m_mahasiswa`(`nim`,`id_prodi`,`nama`,`tpt_lhr`,`tgl_lhr`,`asal`,`password`,`url`,`level`) values ('14050974055','050974','RICKY OKTAVIANA','','0000-00-00','','1340','','mhs');
insert  into `m_mahasiswa`(`nim`,`id_prodi`,`nama`,`tpt_lhr`,`tgl_lhr`,`asal`,`password`,`url`,`level`) values ('14050974056','050974','Rizky Bimantoro Dio Saputra','','0000-00-00','','7805','','mhs');
insert  into `m_mahasiswa`(`nim`,`id_prodi`,`nama`,`tpt_lhr`,`tgl_lhr`,`asal`,`password`,`url`,`level`) values ('14050974057','050974','DIANA TALITA FADILIA','','0000-00-00','','5613',NULL,'mhs');
insert  into `m_mahasiswa`(`nim`,`id_prodi`,`nama`,`tpt_lhr`,`tgl_lhr`,`asal`,`password`,`url`,`level`) values ('14050974058','050974','Rizal Prasetya Adhitama','','0000-00-00','','3680',NULL,'mhs');
insert  into `m_mahasiswa`(`nim`,`id_prodi`,`nama`,`tpt_lhr`,`tgl_lhr`,`asal`,`password`,`url`,`level`) values ('14050974059','050974','NUR RIZAL NADIF FIKRI','','0000-00-00','','7104',NULL,'mhs');
insert  into `m_mahasiswa`(`nim`,`id_prodi`,`nama`,`tpt_lhr`,`tgl_lhr`,`asal`,`password`,`url`,`level`) values ('14050974060','050974','RETTI DIAH LUTFIANA','','0000-00-00','','4439','','mhs');
insert  into `m_mahasiswa`(`nim`,`id_prodi`,`nama`,`tpt_lhr`,`tgl_lhr`,`asal`,`password`,`url`,`level`) values ('14050974061','050974','SANDRA DEVITA ANGGRAINI','','0000-00-00','','4868','','mhs');
insert  into `m_mahasiswa`(`nim`,`id_prodi`,`nama`,`tpt_lhr`,`tgl_lhr`,`asal`,`password`,`url`,`level`) values ('14050974062','050974','NURIL LATIF SYAYIDAH','','0000-00-00','','4341','','mhs');
insert  into `m_mahasiswa`(`nim`,`id_prodi`,`nama`,`tpt_lhr`,`tgl_lhr`,`asal`,`password`,`url`,`level`) values ('14050974063','050974','Rosita','','0000-00-00','','1872','','mhs');
insert  into `m_mahasiswa`(`nim`,`id_prodi`,`nama`,`tpt_lhr`,`tgl_lhr`,`asal`,`password`,`url`,`level`) values ('14050974064','050974','ARI BINTANG SETIAWAN','','0000-00-00','','9014','','mhs');
insert  into `m_mahasiswa`(`nim`,`id_prodi`,`nama`,`tpt_lhr`,`tgl_lhr`,`asal`,`password`,`url`,`level`) values ('14050974065','050974','Rahmad Nur Hidayani','','0000-00-00','','1670','','mhs');
insert  into `m_mahasiswa`(`nim`,`id_prodi`,`nama`,`tpt_lhr`,`tgl_lhr`,`asal`,`password`,`url`,`level`) values ('14050974066','050974','ACHMAD FIRDAUS HERMAWAN','','0000-00-00','','1178','','mhs');
insert  into `m_mahasiswa`(`nim`,`id_prodi`,`nama`,`tpt_lhr`,`tgl_lhr`,`asal`,`password`,`url`,`level`) values ('14050974067','050974','MOHAMMAD ZAHRUL BILAD','','0000-00-00','','3616','','mhs');
insert  into `m_mahasiswa`(`nim`,`id_prodi`,`nama`,`tpt_lhr`,`tgl_lhr`,`asal`,`password`,`url`,`level`) values ('14050974068','050974','HAQIQI NUR KHOIRI','','0000-00-00','','7659','','mhs');
insert  into `m_mahasiswa`(`nim`,`id_prodi`,`nama`,`tpt_lhr`,`tgl_lhr`,`asal`,`password`,`url`,`level`) values ('14050974070','050974','DWIKI RYNALDI MULIA ','','0000-00-00','','5830','','mhs');
insert  into `m_mahasiswa`(`nim`,`id_prodi`,`nama`,`tpt_lhr`,`tgl_lhr`,`asal`,`password`,`url`,`level`) values ('14050974071','050974','REIZA MUSTIKA NOER','','0000-00-00','','6498','','mhs');
insert  into `m_mahasiswa`(`nim`,`id_prodi`,`nama`,`tpt_lhr`,`tgl_lhr`,`asal`,`password`,`url`,`level`) values ('14050974072','050974','LATIF ARIYANTO','','0000-00-00','','9234','','mhs');
insert  into `m_mahasiswa`(`nim`,`id_prodi`,`nama`,`tpt_lhr`,`tgl_lhr`,`asal`,`password`,`url`,`level`) values ('14050974073','050974','DWI MAS\'UD SYACH ARDAN','','0000-00-00','','7458','','mhs');
insert  into `m_mahasiswa`(`nim`,`id_prodi`,`nama`,`tpt_lhr`,`tgl_lhr`,`asal`,`password`,`url`,`level`) values ('14050974074','050974','WAHYU DEDIK DWI ASTONO','','0000-00-00','','4320','','mhs');
insert  into `m_mahasiswa`(`nim`,`id_prodi`,`nama`,`tpt_lhr`,`tgl_lhr`,`asal`,`password`,`url`,`level`) values ('14050974075','050974','QONITATUR ROSIDAH','','0000-00-00','','6468','','mhs');
insert  into `m_mahasiswa`(`nim`,`id_prodi`,`nama`,`tpt_lhr`,`tgl_lhr`,`asal`,`password`,`url`,`level`) values ('14050974076','050974','ADE BAGUS YANUARIZKI','','0000-00-00','','9367','','mhs');
insert  into `m_mahasiswa`(`nim`,`id_prodi`,`nama`,`tpt_lhr`,`tgl_lhr`,`asal`,`password`,`url`,`level`) values ('14050974077','050974','EKO SETYO ARIFVITANTO','','0000-00-00','','6388','','mhs');
insert  into `m_mahasiswa`(`nim`,`id_prodi`,`nama`,`tpt_lhr`,`tgl_lhr`,`asal`,`password`,`url`,`level`) values ('14050974078','050974','Abdul Latief Army Satria','','0000-00-00','','1321','','mhs');
insert  into `m_mahasiswa`(`nim`,`id_prodi`,`nama`,`tpt_lhr`,`tgl_lhr`,`asal`,`password`,`url`,`level`) values ('14050974079','050974','MEGA SILVIA','','0000-00-00','','4868','','mhs');
insert  into `m_mahasiswa`(`nim`,`id_prodi`,`nama`,`tpt_lhr`,`tgl_lhr`,`asal`,`password`,`url`,`level`) values ('14050974080','050974','Faisal Hanif','','0000-00-00','','9001','','mhs');
insert  into `m_mahasiswa`(`nim`,`id_prodi`,`nama`,`tpt_lhr`,`tgl_lhr`,`asal`,`password`,`url`,`level`) values ('14050974081','050974','VENY KUSUMA DEWI','','0000-00-00','','7412','','mhs');
insert  into `m_mahasiswa`(`nim`,`id_prodi`,`nama`,`tpt_lhr`,`tgl_lhr`,`asal`,`password`,`url`,`level`) values ('14050974082','050974','FAIZAL DWIKI IRAWAN','','0000-00-00','','9332','','mhs');
insert  into `m_mahasiswa`(`nim`,`id_prodi`,`nama`,`tpt_lhr`,`tgl_lhr`,`asal`,`password`,`url`,`level`) values ('14050974083','050974','NURUL KHOLIFAH','','0000-00-00','','4911','','mhs');
insert  into `m_mahasiswa`(`nim`,`id_prodi`,`nama`,`tpt_lhr`,`tgl_lhr`,`asal`,`password`,`url`,`level`) values ('14050974084','050974','ZAKARIA MUTTAQIN','','0000-00-00','','1928','','mhs');
insert  into `m_mahasiswa`(`nim`,`id_prodi`,`nama`,`tpt_lhr`,`tgl_lhr`,`asal`,`password`,`url`,`level`) values ('14050974085','050974','RAFIQ ASMAWI','','0000-00-00','','3384','','mhs');
insert  into `m_mahasiswa`(`nim`,`id_prodi`,`nama`,`tpt_lhr`,`tgl_lhr`,`asal`,`password`,`url`,`level`) values ('14050974086','050974','Aldio Pradana','','0000-00-00','','5092','','mhs');
insert  into `m_mahasiswa`(`nim`,`id_prodi`,`nama`,`tpt_lhr`,`tgl_lhr`,`asal`,`password`,`url`,`level`) values ('14050974087','050974','MUHAMMAD HABIBULLAH','','0000-00-00','','4012','','mhs');
insert  into `m_mahasiswa`(`nim`,`id_prodi`,`nama`,`tpt_lhr`,`tgl_lhr`,`asal`,`password`,`url`,`level`) values ('14050974088','050974','aang sahrial islam','','0000-00-00','','5367',NULL,'mhs');
insert  into `m_mahasiswa`(`nim`,`id_prodi`,`nama`,`tpt_lhr`,`tgl_lhr`,`asal`,`password`,`url`,`level`) values ('ari',NULL,NULL,NULL,NULL,NULL,'aaa',NULL,NULL);
insert  into `m_mahasiswa`(`nim`,`id_prodi`,`nama`,`tpt_lhr`,`tgl_lhr`,`asal`,`password`,`url`,`level`) values ('gundul',NULL,NULL,NULL,NULL,NULL,'12345',NULL,NULL);
insert  into `m_mahasiswa`(`nim`,`id_prodi`,`nama`,`tpt_lhr`,`tgl_lhr`,`asal`,`password`,`url`,`level`) values ('gundulmu',NULL,NULL,NULL,NULL,NULL,'333',NULL,NULL);
insert  into `m_mahasiswa`(`nim`,`id_prodi`,`nama`,`tpt_lhr`,`tgl_lhr`,`asal`,`password`,`url`,`level`) values ('ngantuk',NULL,NULL,NULL,NULL,NULL,'1234',NULL,NULL);
insert  into `m_mahasiswa`(`nim`,`id_prodi`,`nama`,`tpt_lhr`,`tgl_lhr`,`asal`,`password`,`url`,`level`) values ('roisa',NULL,NULL,NULL,NULL,NULL,'aaa',NULL,NULL);

/*Table structure for table `m_matakuliah` */

CREATE TABLE `m_matakuliah` (
  `tahun` varchar(4) NOT NULL,
  `kode_mk` varchar(20) NOT NULL,
  `nama` varchar(255) DEFAULT NULL,
  `sks` int(11) DEFAULT NULL,
  PRIMARY KEY (`tahun`,`kode_mk`),
  UNIQUE KEY `nama` (`nama`)
) ENGINE=InnoDB DEFAULT CHARSET=latin1;

/*Data for the table `m_matakuliah` */

insert  into `m_matakuliah`(`tahun`,`kode_mk`,`nama`,`sks`) values ('2000','10324205','Hanashikata I (oral compre)',2);
insert  into `m_matakuliah`(`tahun`,`kode_mk`,`nama`,`sks`) values ('2000','10324243','Dokkai I (Reading)',2);
insert  into `m_matakuliah`(`tahun`,`kode_mk`,`nama`,`sks`) values ('2000','10324246','Sakubun I (Writing)',2);
insert  into `m_matakuliah`(`tahun`,`kode_mk`,`nama`,`sks`) values ('2000','10324274','Onseigaku',2);
insert  into `m_matakuliah`(`tahun`,`kode_mk`,`nama`,`sks`) values ('2000','10424302','Nihongo Kyoiku Hyokaho',3);
insert  into `m_matakuliah`(`tahun`,`kode_mk`,`nama`,`sks`) values ('2000','1424301','Penilaian Pendidikan',3);
insert  into `m_matakuliah`(`tahun`,`kode_mk`,`nama`,`sks`) values ('2000','1424302','Kesehatan Mental',3);
insert  into `m_matakuliah`(`tahun`,`kode_mk`,`nama`,`sks`) values ('2000','1424403','Metodologi Penelitian',4);
insert  into `m_matakuliah`(`tahun`,`kode_mk`,`nama`,`sks`) values ('2000','1424404','Manajemen SDM',4);
insert  into `m_matakuliah`(`tahun`,`kode_mk`,`nama`,`sks`) values ('2000','1524210','Survay Permasalahan BK',2);
insert  into `m_matakuliah`(`tahun`,`kode_mk`,`nama`,`sks`) values ('2000','1524302','Orga & Admin. BK di Sekolah',3);
insert  into `m_matakuliah`(`tahun`,`kode_mk`,`nama`,`sks`) values ('2000','1524409','Evaluasi BK',4);
insert  into `m_matakuliah`(`tahun`,`kode_mk`,`nama`,`sks`) values ('2000','23314210','Stereokimia',2);
insert  into `m_matakuliah`(`tahun`,`kode_mk`,`nama`,`sks`) values ('2000','2424202','Pengantar Komunikasi',2);
insert  into `m_matakuliah`(`tahun`,`kode_mk`,`nama`,`sks`) values ('2000','2424212','Evaluasi Program Pendidikan',2);
insert  into `m_matakuliah`(`tahun`,`kode_mk`,`nama`,`sks`) values ('2000','2424406','Perencanaan Sist. Pembelajaran',4);
insert  into `m_matakuliah`(`tahun`,`kode_mk`,`nama`,`sks`) values ('2000','2524405','Seminar Kemasalahan Teknologi',4);
insert  into `m_matakuliah`(`tahun`,`kode_mk`,`nama`,`sks`) values ('2000','2524602','Skripsi xxx',6);
insert  into `m_matakuliah`(`tahun`,`kode_mk`,`nama`,`sks`) values ('2000','9324305','Textanalytische Seminar : Epik',3);
insert  into `m_matakuliah`(`tahun`,`kode_mk`,`nama`,`sks`) values ('2000','9424405','Seminar Bahasa dan Sastra Jerm',4);
insert  into `m_matakuliah`(`tahun`,`kode_mk`,`nama`,`sks`) values ('2001','2524602','Skripsi yyy',6);
insert  into `m_matakuliah`(`tahun`,`kode_mk`,`nama`,`sks`) values ('2002','2524602','Skripsi',6);
insert  into `m_matakuliah`(`tahun`,`kode_mk`,`nama`,`sks`) values ('2006','41323280','Internet & Pemrograman II',2);
insert  into `m_matakuliah`(`tahun`,`kode_mk`,`nama`,`sks`) values ('2006','41323281','Praktikum Internet & Pemrograman II',2);
insert  into `m_matakuliah`(`tahun`,`kode_mk`,`nama`,`sks`) values ('2007','10424311','Shokyu Hyooki I',2);
insert  into `m_matakuliah`(`tahun`,`kode_mk`,`nama`,`sks`) values ('2013','97324209','Pemrograman Web',2);
insert  into `m_matakuliah`(`tahun`,`kode_mk`,`nama`,`sks`) values ('2013','97324219','Prakt Pemrograman Web',2);

/*Table structure for table `m_prodi` */

CREATE TABLE `m_prodi` (
  `id` int(5) DEFAULT NULL,
  `id_fak` varchar(255) DEFAULT NULL,
  `id_jur` varchar(255) DEFAULT NULL,
  `kode_prodi` varchar(255) DEFAULT NULL,
  `jenjang` varchar(255) DEFAULT NULL,
  `nama_s` varchar(255) DEFAULT NULL,
  `nama_l` varchar(255) DEFAULT NULL,
  `nama_prodi` varchar(255) DEFAULT NULL
) ENGINE=MyISAM DEFAULT CHARSET=latin1;

/*Data for the table `m_prodi` */

insert  into `m_prodi`(`id`,`id_fak`,`id_jur`,`kode_prodi`,`jenjang`,`nama_s`,`nama_l`,`nama_prodi`) values (1,NULL,NULL,'050623','DIII','MI','Manajemen Informatika','DIII Manajemen Informatika');
insert  into `m_prodi`(`id`,`id_fak`,`id_jur`,`kode_prodi`,`jenjang`,`nama_s`,`nama_l`,`nama_prodi`) values (2,NULL,NULL,'050974','S1','PTI','Pendidikan Teknologi Informasi','S1 Pendidikan Teknologi Informasi');

/*Table structure for table `m_semester` */

CREATE TABLE `m_semester` (
  `kode` varchar(5) NOT NULL,
  `nama` varchar(255) DEFAULT NULL,
  `tahun` varchar(4) DEFAULT NULL,
  `aktif` varchar(1) DEFAULT NULL,
  PRIMARY KEY (`kode`)
) ENGINE=MyISAM DEFAULT CHARSET=latin1;

/*Data for the table `m_semester` */

insert  into `m_semester`(`kode`,`nama`,`tahun`,`aktif`) values ('20131','Gasal 2013/2014','2013','N');
insert  into `m_semester`(`kode`,`nama`,`tahun`,`aktif`) values ('20132','Genap 2013/2014','2014','N');
insert  into `m_semester`(`kode`,`nama`,`tahun`,`aktif`) values ('20141','Gasal 2014/2015','2014','N');
insert  into `m_semester`(`kode`,`nama`,`tahun`,`aktif`) values ('20142','Genap 2014/2015','2015','Y');

/*Table structure for table `tr_kuliah` */

CREATE TABLE `tr_kuliah` (
  `nim` varchar(255) NOT NULL,
  `kelas` varchar(255) NOT NULL,
  `jenis` varchar(255) NOT NULL,
  `kode_mk` varchar(20) NOT NULL,
  `kode_semester` int(11) NOT NULL,
  `aktif` enum('Y','N') NOT NULL,
  PRIMARY KEY (`nim`,`kode_mk`,`kode_semester`)
) ENGINE=InnoDB DEFAULT CHARSET=latin1;

/*Data for the table `tr_kuliah` */

insert  into `tr_kuliah`(`nim`,`kelas`,`jenis`,`kode_mk`,`kode_semester`,`aktif`) values ('09050623053','B','T','41323280',20132,'Y');
insert  into `tr_kuliah`(`nim`,`kelas`,`jenis`,`kode_mk`,`kode_semester`,`aktif`) values ('09050623068','B','T','41323280',20132,'Y');
insert  into `tr_kuliah`(`nim`,`kelas`,`jenis`,`kode_mk`,`kode_semester`,`aktif`) values ('09050623247','B','T','41323280',20132,'Y');
insert  into `tr_kuliah`(`nim`,`kelas`,`jenis`,`kode_mk`,`kode_semester`,`aktif`) values ('09050623263','B','T','41323280',20132,'Y');
insert  into `tr_kuliah`(`nim`,`kelas`,`jenis`,`kode_mk`,`kode_semester`,`aktif`) values ('09050623281','D','T','41323280',20132,'Y');
insert  into `tr_kuliah`(`nim`,`kelas`,`jenis`,`kode_mk`,`kode_semester`,`aktif`) values ('10050623035','A','T','10424311',20132,'Y');
insert  into `tr_kuliah`(`nim`,`kelas`,`jenis`,`kode_mk`,`kode_semester`,`aktif`) values ('10050623035','D','T','41323280',20132,'Y');
insert  into `tr_kuliah`(`nim`,`kelas`,`jenis`,`kode_mk`,`kode_semester`,`aktif`) values ('10050623035','D','P','41323281',20132,'Y');
insert  into `tr_kuliah`(`nim`,`kelas`,`jenis`,`kode_mk`,`kode_semester`,`aktif`) values ('10050623273','D','T','41323280',20132,'Y');
insert  into `tr_kuliah`(`nim`,`kelas`,`jenis`,`kode_mk`,`kode_semester`,`aktif`) values ('10050623273','D','P','41323281',20132,'Y');
insert  into `tr_kuliah`(`nim`,`kelas`,`jenis`,`kode_mk`,`kode_semester`,`aktif`) values ('10050623275','D','T','41323280',20132,'Y');
insert  into `tr_kuliah`(`nim`,`kelas`,`jenis`,`kode_mk`,`kode_semester`,`aktif`) values ('10050623275','D','P','41323281',20132,'Y');
insert  into `tr_kuliah`(`nim`,`kelas`,`jenis`,`kode_mk`,`kode_semester`,`aktif`) values ('11050623010','D','T','41323280',20131,'Y');
insert  into `tr_kuliah`(`nim`,`kelas`,`jenis`,`kode_mk`,`kode_semester`,`aktif`) values ('11050623010','D','P','41323281',20132,'Y');
insert  into `tr_kuliah`(`nim`,`kelas`,`jenis`,`kode_mk`,`kode_semester`,`aktif`) values ('11050623011','B','T','41323280',20132,'Y');
insert  into `tr_kuliah`(`nim`,`kelas`,`jenis`,`kode_mk`,`kode_semester`,`aktif`) values ('11050623011','B','P','41323281',20132,'Y');
insert  into `tr_kuliah`(`nim`,`kelas`,`jenis`,`kode_mk`,`kode_semester`,`aktif`) values ('11050623012','B','T','41323280',20132,'Y');
insert  into `tr_kuliah`(`nim`,`kelas`,`jenis`,`kode_mk`,`kode_semester`,`aktif`) values ('11050623012','B','P','41323281',20132,'Y');
insert  into `tr_kuliah`(`nim`,`kelas`,`jenis`,`kode_mk`,`kode_semester`,`aktif`) values ('11050623013','B','T','41323280',20132,'Y');
insert  into `tr_kuliah`(`nim`,`kelas`,`jenis`,`kode_mk`,`kode_semester`,`aktif`) values ('11050623013','B','P','41323281',20132,'Y');
insert  into `tr_kuliah`(`nim`,`kelas`,`jenis`,`kode_mk`,`kode_semester`,`aktif`) values ('11050623015','B','T','41323280',20132,'Y');
insert  into `tr_kuliah`(`nim`,`kelas`,`jenis`,`kode_mk`,`kode_semester`,`aktif`) values ('11050623015','B','P','41323281',20132,'Y');
insert  into `tr_kuliah`(`nim`,`kelas`,`jenis`,`kode_mk`,`kode_semester`,`aktif`) values ('11050623017','B','T','41323280',20132,'Y');
insert  into `tr_kuliah`(`nim`,`kelas`,`jenis`,`kode_mk`,`kode_semester`,`aktif`) values ('11050623017','B','P','41323281',20132,'Y');
insert  into `tr_kuliah`(`nim`,`kelas`,`jenis`,`kode_mk`,`kode_semester`,`aktif`) values ('11050623018','B','T','41323280',20132,'Y');
insert  into `tr_kuliah`(`nim`,`kelas`,`jenis`,`kode_mk`,`kode_semester`,`aktif`) values ('11050623018','B','P','41323281',20132,'Y');
insert  into `tr_kuliah`(`nim`,`kelas`,`jenis`,`kode_mk`,`kode_semester`,`aktif`) values ('11050623026','B','T','41323280',20132,'Y');
insert  into `tr_kuliah`(`nim`,`kelas`,`jenis`,`kode_mk`,`kode_semester`,`aktif`) values ('11050623026','B','P','41323281',20132,'Y');
insert  into `tr_kuliah`(`nim`,`kelas`,`jenis`,`kode_mk`,`kode_semester`,`aktif`) values ('11050623030','D','T','41323280',20132,'Y');
insert  into `tr_kuliah`(`nim`,`kelas`,`jenis`,`kode_mk`,`kode_semester`,`aktif`) values ('11050623030','D','P','41323281',20132,'Y');
insert  into `tr_kuliah`(`nim`,`kelas`,`jenis`,`kode_mk`,`kode_semester`,`aktif`) values ('11050623031','D','T','41323280',20132,'Y');
insert  into `tr_kuliah`(`nim`,`kelas`,`jenis`,`kode_mk`,`kode_semester`,`aktif`) values ('11050623031','D','P','41323281',20132,'Y');
insert  into `tr_kuliah`(`nim`,`kelas`,`jenis`,`kode_mk`,`kode_semester`,`aktif`) values ('11050623033','D','T','41323280',20132,'Y');
insert  into `tr_kuliah`(`nim`,`kelas`,`jenis`,`kode_mk`,`kode_semester`,`aktif`) values ('11050623033','D','P','41323281',20132,'Y');
insert  into `tr_kuliah`(`nim`,`kelas`,`jenis`,`kode_mk`,`kode_semester`,`aktif`) values ('11050623034','D','T','41323280',20132,'Y');
insert  into `tr_kuliah`(`nim`,`kelas`,`jenis`,`kode_mk`,`kode_semester`,`aktif`) values ('11050623034','D','P','41323281',20132,'Y');
insert  into `tr_kuliah`(`nim`,`kelas`,`jenis`,`kode_mk`,`kode_semester`,`aktif`) values ('11050623035','D','T','41323280',20132,'Y');
insert  into `tr_kuliah`(`nim`,`kelas`,`jenis`,`kode_mk`,`kode_semester`,`aktif`) values ('11050623035','D','P','41323281',20132,'Y');
insert  into `tr_kuliah`(`nim`,`kelas`,`jenis`,`kode_mk`,`kode_semester`,`aktif`) values ('11050623036','D','T','41323280',20132,'Y');
insert  into `tr_kuliah`(`nim`,`kelas`,`jenis`,`kode_mk`,`kode_semester`,`aktif`) values ('11050623036','D','P','41323281',20132,'Y');
insert  into `tr_kuliah`(`nim`,`kelas`,`jenis`,`kode_mk`,`kode_semester`,`aktif`) values ('11050623236','B','T','41323280',20132,'Y');
insert  into `tr_kuliah`(`nim`,`kelas`,`jenis`,`kode_mk`,`kode_semester`,`aktif`) values ('11050623236','B','P','41323281',20132,'Y');
insert  into `tr_kuliah`(`nim`,`kelas`,`jenis`,`kode_mk`,`kode_semester`,`aktif`) values ('11050623238','B','T','41323280',20132,'Y');
insert  into `tr_kuliah`(`nim`,`kelas`,`jenis`,`kode_mk`,`kode_semester`,`aktif`) values ('11050623238','B','P','41323281',20132,'Y');
insert  into `tr_kuliah`(`nim`,`kelas`,`jenis`,`kode_mk`,`kode_semester`,`aktif`) values ('11050623239','B','T','41323280',20132,'Y');
insert  into `tr_kuliah`(`nim`,`kelas`,`jenis`,`kode_mk`,`kode_semester`,`aktif`) values ('11050623239','B','P','41323281',20132,'Y');
insert  into `tr_kuliah`(`nim`,`kelas`,`jenis`,`kode_mk`,`kode_semester`,`aktif`) values ('11050623241','B','T','41323280',20132,'Y');
insert  into `tr_kuliah`(`nim`,`kelas`,`jenis`,`kode_mk`,`kode_semester`,`aktif`) values ('11050623241','B','P','41323281',20132,'Y');
insert  into `tr_kuliah`(`nim`,`kelas`,`jenis`,`kode_mk`,`kode_semester`,`aktif`) values ('11050623242','B','T','41323280',20132,'Y');
insert  into `tr_kuliah`(`nim`,`kelas`,`jenis`,`kode_mk`,`kode_semester`,`aktif`) values ('11050623242','B','P','41323281',20132,'Y');
insert  into `tr_kuliah`(`nim`,`kelas`,`jenis`,`kode_mk`,`kode_semester`,`aktif`) values ('11050623243','B','T','41323280',20132,'Y');
insert  into `tr_kuliah`(`nim`,`kelas`,`jenis`,`kode_mk`,`kode_semester`,`aktif`) values ('11050623243','B','P','41323281',20132,'Y');
insert  into `tr_kuliah`(`nim`,`kelas`,`jenis`,`kode_mk`,`kode_semester`,`aktif`) values ('11050623244','B','T','41323280',20132,'Y');
insert  into `tr_kuliah`(`nim`,`kelas`,`jenis`,`kode_mk`,`kode_semester`,`aktif`) values ('11050623244','B','P','41323281',20132,'Y');
insert  into `tr_kuliah`(`nim`,`kelas`,`jenis`,`kode_mk`,`kode_semester`,`aktif`) values ('11050623245','B','T','41323280',20132,'Y');
insert  into `tr_kuliah`(`nim`,`kelas`,`jenis`,`kode_mk`,`kode_semester`,`aktif`) values ('11050623245','B','P','41323281',20132,'Y');
insert  into `tr_kuliah`(`nim`,`kelas`,`jenis`,`kode_mk`,`kode_semester`,`aktif`) values ('11050623246','B','T','41323280',20132,'Y');
insert  into `tr_kuliah`(`nim`,`kelas`,`jenis`,`kode_mk`,`kode_semester`,`aktif`) values ('11050623246','B','P','41323281',20132,'Y');
insert  into `tr_kuliah`(`nim`,`kelas`,`jenis`,`kode_mk`,`kode_semester`,`aktif`) values ('11050623247','B','T','41323280',20132,'Y');
insert  into `tr_kuliah`(`nim`,`kelas`,`jenis`,`kode_mk`,`kode_semester`,`aktif`) values ('11050623247','B','P','41323281',20132,'Y');
insert  into `tr_kuliah`(`nim`,`kelas`,`jenis`,`kode_mk`,`kode_semester`,`aktif`) values ('11050623250','B','T','41323280',20132,'Y');
insert  into `tr_kuliah`(`nim`,`kelas`,`jenis`,`kode_mk`,`kode_semester`,`aktif`) values ('11050623250','B','P','41323281',20132,'Y');
insert  into `tr_kuliah`(`nim`,`kelas`,`jenis`,`kode_mk`,`kode_semester`,`aktif`) values ('11050623251','B','T','41323280',20132,'Y');
insert  into `tr_kuliah`(`nim`,`kelas`,`jenis`,`kode_mk`,`kode_semester`,`aktif`) values ('11050623251','B','P','41323281',20132,'Y');
insert  into `tr_kuliah`(`nim`,`kelas`,`jenis`,`kode_mk`,`kode_semester`,`aktif`) values ('11050623252','B','T','41323280',20132,'Y');
insert  into `tr_kuliah`(`nim`,`kelas`,`jenis`,`kode_mk`,`kode_semester`,`aktif`) values ('11050623252','B','P','41323281',20132,'Y');
insert  into `tr_kuliah`(`nim`,`kelas`,`jenis`,`kode_mk`,`kode_semester`,`aktif`) values ('11050623253','B','T','41323280',20132,'Y');
insert  into `tr_kuliah`(`nim`,`kelas`,`jenis`,`kode_mk`,`kode_semester`,`aktif`) values ('11050623253','B','P','41323281',20132,'Y');
insert  into `tr_kuliah`(`nim`,`kelas`,`jenis`,`kode_mk`,`kode_semester`,`aktif`) values ('11050623254','B','T','41323280',20132,'Y');
insert  into `tr_kuliah`(`nim`,`kelas`,`jenis`,`kode_mk`,`kode_semester`,`aktif`) values ('11050623254','B','P','41323281',20132,'Y');
insert  into `tr_kuliah`(`nim`,`kelas`,`jenis`,`kode_mk`,`kode_semester`,`aktif`) values ('11050623256','B','T','41323280',20132,'Y');
insert  into `tr_kuliah`(`nim`,`kelas`,`jenis`,`kode_mk`,`kode_semester`,`aktif`) values ('11050623256','B','P','41323281',20132,'Y');
insert  into `tr_kuliah`(`nim`,`kelas`,`jenis`,`kode_mk`,`kode_semester`,`aktif`) values ('11050623257','B','T','41323280',20132,'Y');
insert  into `tr_kuliah`(`nim`,`kelas`,`jenis`,`kode_mk`,`kode_semester`,`aktif`) values ('11050623257','B','P','41323281',20132,'Y');
insert  into `tr_kuliah`(`nim`,`kelas`,`jenis`,`kode_mk`,`kode_semester`,`aktif`) values ('11050623258','B','T','41323280',20132,'Y');
insert  into `tr_kuliah`(`nim`,`kelas`,`jenis`,`kode_mk`,`kode_semester`,`aktif`) values ('11050623258','B','P','41323281',20132,'Y');
insert  into `tr_kuliah`(`nim`,`kelas`,`jenis`,`kode_mk`,`kode_semester`,`aktif`) values ('11050623260','B','T','41323280',20132,'Y');
insert  into `tr_kuliah`(`nim`,`kelas`,`jenis`,`kode_mk`,`kode_semester`,`aktif`) values ('11050623260','B','P','41323281',20132,'Y');
insert  into `tr_kuliah`(`nim`,`kelas`,`jenis`,`kode_mk`,`kode_semester`,`aktif`) values ('11050623263','B','T','41323280',20132,'Y');
insert  into `tr_kuliah`(`nim`,`kelas`,`jenis`,`kode_mk`,`kode_semester`,`aktif`) values ('11050623263','B','P','41323281',20132,'Y');
insert  into `tr_kuliah`(`nim`,`kelas`,`jenis`,`kode_mk`,`kode_semester`,`aktif`) values ('11050623266','D','T','41323280',20132,'Y');
insert  into `tr_kuliah`(`nim`,`kelas`,`jenis`,`kode_mk`,`kode_semester`,`aktif`) values ('11050623266','D','P','41323281',20132,'Y');
insert  into `tr_kuliah`(`nim`,`kelas`,`jenis`,`kode_mk`,`kode_semester`,`aktif`) values ('11050623272','D','T','41323280',20132,'Y');
insert  into `tr_kuliah`(`nim`,`kelas`,`jenis`,`kode_mk`,`kode_semester`,`aktif`) values ('11050623272','D','P','41323281',20132,'Y');
insert  into `tr_kuliah`(`nim`,`kelas`,`jenis`,`kode_mk`,`kode_semester`,`aktif`) values ('11050623280','D','T','41323280',20132,'Y');
insert  into `tr_kuliah`(`nim`,`kelas`,`jenis`,`kode_mk`,`kode_semester`,`aktif`) values ('11050623280','D','P','41323281',20132,'Y');
insert  into `tr_kuliah`(`nim`,`kelas`,`jenis`,`kode_mk`,`kode_semester`,`aktif`) values ('11050623286','D','T','41323280',20132,'Y');
insert  into `tr_kuliah`(`nim`,`kelas`,`jenis`,`kode_mk`,`kode_semester`,`aktif`) values ('11050623286','D','P','41323281',20132,'Y');
insert  into `tr_kuliah`(`nim`,`kelas`,`jenis`,`kode_mk`,`kode_semester`,`aktif`) values ('11050623297','D','T','41323280',20132,'Y');
insert  into `tr_kuliah`(`nim`,`kelas`,`jenis`,`kode_mk`,`kode_semester`,`aktif`) values ('11050623297','D','P','41323281',20132,'Y');
insert  into `tr_kuliah`(`nim`,`kelas`,`jenis`,`kode_mk`,`kode_semester`,`aktif`) values ('11050623298','D','T','41323280',20132,'Y');
insert  into `tr_kuliah`(`nim`,`kelas`,`jenis`,`kode_mk`,`kode_semester`,`aktif`) values ('11050623298','D','P','41323281',20132,'Y');
insert  into `tr_kuliah`(`nim`,`kelas`,`jenis`,`kode_mk`,`kode_semester`,`aktif`) values ('11050623299','D','T','41323280',20132,'Y');
insert  into `tr_kuliah`(`nim`,`kelas`,`jenis`,`kode_mk`,`kode_semester`,`aktif`) values ('11050623299','D','P','41323281',20132,'Y');
insert  into `tr_kuliah`(`nim`,`kelas`,`jenis`,`kode_mk`,`kode_semester`,`aktif`) values ('11050623300','D','T','41323280',20132,'Y');
insert  into `tr_kuliah`(`nim`,`kelas`,`jenis`,`kode_mk`,`kode_semester`,`aktif`) values ('11050623300','D','P','41323281',20132,'Y');
insert  into `tr_kuliah`(`nim`,`kelas`,`jenis`,`kode_mk`,`kode_semester`,`aktif`) values ('11050623302','D','T','41323280',20132,'Y');
insert  into `tr_kuliah`(`nim`,`kelas`,`jenis`,`kode_mk`,`kode_semester`,`aktif`) values ('11050623302','D','P','41323281',20132,'Y');
insert  into `tr_kuliah`(`nim`,`kelas`,`jenis`,`kode_mk`,`kode_semester`,`aktif`) values ('11050623305','D','T','41323280',20132,'Y');
insert  into `tr_kuliah`(`nim`,`kelas`,`jenis`,`kode_mk`,`kode_semester`,`aktif`) values ('11050623305','D','P','41323281',20132,'Y');
insert  into `tr_kuliah`(`nim`,`kelas`,`jenis`,`kode_mk`,`kode_semester`,`aktif`) values ('11050623306','D','T','41323280',20132,'Y');
insert  into `tr_kuliah`(`nim`,`kelas`,`jenis`,`kode_mk`,`kode_semester`,`aktif`) values ('11050623306','D','P','41323281',20132,'Y');
insert  into `tr_kuliah`(`nim`,`kelas`,`jenis`,`kode_mk`,`kode_semester`,`aktif`) values ('11050623307','D','T','41323280',20132,'Y');
insert  into `tr_kuliah`(`nim`,`kelas`,`jenis`,`kode_mk`,`kode_semester`,`aktif`) values ('11050623307','D','P','41323281',20132,'Y');
insert  into `tr_kuliah`(`nim`,`kelas`,`jenis`,`kode_mk`,`kode_semester`,`aktif`) values ('11050623311','D','T','41323280',20132,'Y');
insert  into `tr_kuliah`(`nim`,`kelas`,`jenis`,`kode_mk`,`kode_semester`,`aktif`) values ('11050623311','D','P','41323281',20132,'Y');
insert  into `tr_kuliah`(`nim`,`kelas`,`jenis`,`kode_mk`,`kode_semester`,`aktif`) values ('11050623312','D','T','41323280',20132,'Y');
insert  into `tr_kuliah`(`nim`,`kelas`,`jenis`,`kode_mk`,`kode_semester`,`aktif`) values ('11050623312','D','P','41323281',20132,'Y');
insert  into `tr_kuliah`(`nim`,`kelas`,`jenis`,`kode_mk`,`kode_semester`,`aktif`) values ('11050623314','D','T','41323280',20132,'Y');
insert  into `tr_kuliah`(`nim`,`kelas`,`jenis`,`kode_mk`,`kode_semester`,`aktif`) values ('11050623314','D','P','41323281',20132,'Y');
insert  into `tr_kuliah`(`nim`,`kelas`,`jenis`,`kode_mk`,`kode_semester`,`aktif`) values ('11050623315','D','T','41323280',20132,'Y');
insert  into `tr_kuliah`(`nim`,`kelas`,`jenis`,`kode_mk`,`kode_semester`,`aktif`) values ('11050623315','D','P','41323281',20132,'Y');
insert  into `tr_kuliah`(`nim`,`kelas`,`jenis`,`kode_mk`,`kode_semester`,`aktif`) values ('11050623316','D','T','41323280',20132,'Y');
insert  into `tr_kuliah`(`nim`,`kelas`,`jenis`,`kode_mk`,`kode_semester`,`aktif`) values ('11050623316','D','P','41323281',20132,'Y');
insert  into `tr_kuliah`(`nim`,`kelas`,`jenis`,`kode_mk`,`kode_semester`,`aktif`) values ('11050623317','D','T','41323280',20132,'Y');
insert  into `tr_kuliah`(`nim`,`kelas`,`jenis`,`kode_mk`,`kode_semester`,`aktif`) values ('11050623317','D','P','41323281',20132,'Y');
insert  into `tr_kuliah`(`nim`,`kelas`,`jenis`,`kode_mk`,`kode_semester`,`aktif`) values ('11050623318','D','T','41323280',20132,'Y');
insert  into `tr_kuliah`(`nim`,`kelas`,`jenis`,`kode_mk`,`kode_semester`,`aktif`) values ('11050623318','D','P','41323281',20132,'Y');
insert  into `tr_kuliah`(`nim`,`kelas`,`jenis`,`kode_mk`,`kode_semester`,`aktif`) values ('11050623319','D','T','41323280',20132,'Y');
insert  into `tr_kuliah`(`nim`,`kelas`,`jenis`,`kode_mk`,`kode_semester`,`aktif`) values ('11050623319','D','P','41323281',20132,'Y');
insert  into `tr_kuliah`(`nim`,`kelas`,`jenis`,`kode_mk`,`kode_semester`,`aktif`) values ('11050623321','D','T','41323280',20132,'Y');
insert  into `tr_kuliah`(`nim`,`kelas`,`jenis`,`kode_mk`,`kode_semester`,`aktif`) values ('11050623321','D','P','41323281',20132,'Y');
insert  into `tr_kuliah`(`nim`,`kelas`,`jenis`,`kode_mk`,`kode_semester`,`aktif`) values ('11050623322','D','T','41323280',20132,'Y');
insert  into `tr_kuliah`(`nim`,`kelas`,`jenis`,`kode_mk`,`kode_semester`,`aktif`) values ('11050623322','D','P','41323281',20132,'Y');
insert  into `tr_kuliah`(`nim`,`kelas`,`jenis`,`kode_mk`,`kode_semester`,`aktif`) values ('11050623323','D','T','41323280',20132,'Y');
insert  into `tr_kuliah`(`nim`,`kelas`,`jenis`,`kode_mk`,`kode_semester`,`aktif`) values ('11050623323','D','P','41323281',20132,'Y');
insert  into `tr_kuliah`(`nim`,`kelas`,`jenis`,`kode_mk`,`kode_semester`,`aktif`) values ('11050623324','D','T','41323280',20132,'Y');
insert  into `tr_kuliah`(`nim`,`kelas`,`jenis`,`kode_mk`,`kode_semester`,`aktif`) values ('11050623324','D','P','41323281',20132,'Y');
insert  into `tr_kuliah`(`nim`,`kelas`,`jenis`,`kode_mk`,`kode_semester`,`aktif`) values ('11050623325','D','T','41323280',20132,'Y');
insert  into `tr_kuliah`(`nim`,`kelas`,`jenis`,`kode_mk`,`kode_semester`,`aktif`) values ('11050623325','D','P','41323281',20132,'Y');
insert  into `tr_kuliah`(`nim`,`kelas`,`jenis`,`kode_mk`,`kode_semester`,`aktif`) values ('11050623328','D','T','41323280',20132,'Y');
insert  into `tr_kuliah`(`nim`,`kelas`,`jenis`,`kode_mk`,`kode_semester`,`aktif`) values ('11050623328','D','P','41323281',20132,'Y');
insert  into `tr_kuliah`(`nim`,`kelas`,`jenis`,`kode_mk`,`kode_semester`,`aktif`) values ('11050623329','D','T','41323280',20132,'Y');
insert  into `tr_kuliah`(`nim`,`kelas`,`jenis`,`kode_mk`,`kode_semester`,`aktif`) values ('11050623329','D','P','41323281',20132,'Y');
insert  into `tr_kuliah`(`nim`,`kelas`,`jenis`,`kode_mk`,`kode_semester`,`aktif`) values ('11050623330','D','T','41323280',20132,'Y');
insert  into `tr_kuliah`(`nim`,`kelas`,`jenis`,`kode_mk`,`kode_semester`,`aktif`) values ('11050623330','D','P','41323281',20132,'Y');
insert  into `tr_kuliah`(`nim`,`kelas`,`jenis`,`kode_mk`,`kode_semester`,`aktif`) values ('12050974244','PTI13B','P','97324219',20142,'Y');
insert  into `tr_kuliah`(`nim`,`kelas`,`jenis`,`kode_mk`,`kode_semester`,`aktif`) values ('13050974001','PTI13A','T','97324209',20142,'Y');
insert  into `tr_kuliah`(`nim`,`kelas`,`jenis`,`kode_mk`,`kode_semester`,`aktif`) values ('13050974001','PTI13B','P','97324219',20142,'Y');
insert  into `tr_kuliah`(`nim`,`kelas`,`jenis`,`kode_mk`,`kode_semester`,`aktif`) values ('13050974002','PTI13A','T','97324209',20142,'Y');
insert  into `tr_kuliah`(`nim`,`kelas`,`jenis`,`kode_mk`,`kode_semester`,`aktif`) values ('13050974002','PTI13A','P','97324219',20142,'Y');
insert  into `tr_kuliah`(`nim`,`kelas`,`jenis`,`kode_mk`,`kode_semester`,`aktif`) values ('13050974003','PTI13A','T','97324209',20142,'Y');
insert  into `tr_kuliah`(`nim`,`kelas`,`jenis`,`kode_mk`,`kode_semester`,`aktif`) values ('13050974003','PTI13A','P','97324219',20142,'Y');
insert  into `tr_kuliah`(`nim`,`kelas`,`jenis`,`kode_mk`,`kode_semester`,`aktif`) values ('13050974004','PTI13B','T','97324209',20142,'Y');
insert  into `tr_kuliah`(`nim`,`kelas`,`jenis`,`kode_mk`,`kode_semester`,`aktif`) values ('13050974004','PTI13C','P','97324219',20142,'Y');
insert  into `tr_kuliah`(`nim`,`kelas`,`jenis`,`kode_mk`,`kode_semester`,`aktif`) values ('13050974005','PTI13C','T','97324209',20142,'Y');
insert  into `tr_kuliah`(`nim`,`kelas`,`jenis`,`kode_mk`,`kode_semester`,`aktif`) values ('13050974005','PTI13C','P','97324219',20142,'Y');
insert  into `tr_kuliah`(`nim`,`kelas`,`jenis`,`kode_mk`,`kode_semester`,`aktif`) values ('13050974006','PTI13B','T','97324209',20142,'Y');
insert  into `tr_kuliah`(`nim`,`kelas`,`jenis`,`kode_mk`,`kode_semester`,`aktif`) values ('13050974006','PTI13B','P','97324219',20142,'Y');
insert  into `tr_kuliah`(`nim`,`kelas`,`jenis`,`kode_mk`,`kode_semester`,`aktif`) values ('13050974007','PTI13B','T','97324209',20142,'Y');
insert  into `tr_kuliah`(`nim`,`kelas`,`jenis`,`kode_mk`,`kode_semester`,`aktif`) values ('13050974007','PTI13C','P','97324219',20142,'Y');
insert  into `tr_kuliah`(`nim`,`kelas`,`jenis`,`kode_mk`,`kode_semester`,`aktif`) values ('13050974008','PTI13A','T','97324209',20142,'Y');
insert  into `tr_kuliah`(`nim`,`kelas`,`jenis`,`kode_mk`,`kode_semester`,`aktif`) values ('13050974008','PTI13A','P','97324219',20142,'Y');
insert  into `tr_kuliah`(`nim`,`kelas`,`jenis`,`kode_mk`,`kode_semester`,`aktif`) values ('13050974009','PTI13A','T','97324209',20142,'Y');
insert  into `tr_kuliah`(`nim`,`kelas`,`jenis`,`kode_mk`,`kode_semester`,`aktif`) values ('13050974009','PTI13B','P','97324219',20142,'Y');
insert  into `tr_kuliah`(`nim`,`kelas`,`jenis`,`kode_mk`,`kode_semester`,`aktif`) values ('13050974010','PTI13B','T','97324209',20142,'Y');
insert  into `tr_kuliah`(`nim`,`kelas`,`jenis`,`kode_mk`,`kode_semester`,`aktif`) values ('13050974010','PTI13C','P','97324219',20142,'Y');
insert  into `tr_kuliah`(`nim`,`kelas`,`jenis`,`kode_mk`,`kode_semester`,`aktif`) values ('13050974012','PTI13A','T','97324209',20142,'Y');
insert  into `tr_kuliah`(`nim`,`kelas`,`jenis`,`kode_mk`,`kode_semester`,`aktif`) values ('13050974012','PTI13A','P','97324219',20142,'Y');
insert  into `tr_kuliah`(`nim`,`kelas`,`jenis`,`kode_mk`,`kode_semester`,`aktif`) values ('13050974013','PTI13A','T','97324209',20142,'Y');
insert  into `tr_kuliah`(`nim`,`kelas`,`jenis`,`kode_mk`,`kode_semester`,`aktif`) values ('13050974013','PTI13A','P','97324219',20142,'Y');
insert  into `tr_kuliah`(`nim`,`kelas`,`jenis`,`kode_mk`,`kode_semester`,`aktif`) values ('13050974014','PTI13A','T','97324209',20142,'Y');
insert  into `tr_kuliah`(`nim`,`kelas`,`jenis`,`kode_mk`,`kode_semester`,`aktif`) values ('13050974015','PTI13A','T','97324209',20142,'Y');
insert  into `tr_kuliah`(`nim`,`kelas`,`jenis`,`kode_mk`,`kode_semester`,`aktif`) values ('13050974015','PTI13A','P','97324219',20142,'Y');
insert  into `tr_kuliah`(`nim`,`kelas`,`jenis`,`kode_mk`,`kode_semester`,`aktif`) values ('13050974016','PTI13A','T','97324209',20142,'Y');
insert  into `tr_kuliah`(`nim`,`kelas`,`jenis`,`kode_mk`,`kode_semester`,`aktif`) values ('13050974016','PTI13B','P','97324219',20142,'Y');
insert  into `tr_kuliah`(`nim`,`kelas`,`jenis`,`kode_mk`,`kode_semester`,`aktif`) values ('13050974017','PTI13A','T','97324209',20142,'Y');
insert  into `tr_kuliah`(`nim`,`kelas`,`jenis`,`kode_mk`,`kode_semester`,`aktif`) values ('13050974017','PTI13A','P','97324219',20142,'Y');
insert  into `tr_kuliah`(`nim`,`kelas`,`jenis`,`kode_mk`,`kode_semester`,`aktif`) values ('13050974018','PTI13A','T','97324209',20142,'Y');
insert  into `tr_kuliah`(`nim`,`kelas`,`jenis`,`kode_mk`,`kode_semester`,`aktif`) values ('13050974018','PTI13A','P','97324219',20142,'Y');
insert  into `tr_kuliah`(`nim`,`kelas`,`jenis`,`kode_mk`,`kode_semester`,`aktif`) values ('13050974019','PTI13A','T','97324209',20142,'Y');
insert  into `tr_kuliah`(`nim`,`kelas`,`jenis`,`kode_mk`,`kode_semester`,`aktif`) values ('13050974019','PTI13A','P','97324219',20142,'Y');
insert  into `tr_kuliah`(`nim`,`kelas`,`jenis`,`kode_mk`,`kode_semester`,`aktif`) values ('13050974020','PTI13B','T','97324209',20142,'Y');
insert  into `tr_kuliah`(`nim`,`kelas`,`jenis`,`kode_mk`,`kode_semester`,`aktif`) values ('13050974020','PTI13C','P','97324219',20142,'Y');
insert  into `tr_kuliah`(`nim`,`kelas`,`jenis`,`kode_mk`,`kode_semester`,`aktif`) values ('13050974021','PTI13A','T','97324209',20142,'Y');
insert  into `tr_kuliah`(`nim`,`kelas`,`jenis`,`kode_mk`,`kode_semester`,`aktif`) values ('13050974021','PTI13A','P','97324219',20142,'Y');
insert  into `tr_kuliah`(`nim`,`kelas`,`jenis`,`kode_mk`,`kode_semester`,`aktif`) values ('13050974022','PTI13A','T','97324209',20142,'Y');
insert  into `tr_kuliah`(`nim`,`kelas`,`jenis`,`kode_mk`,`kode_semester`,`aktif`) values ('13050974022','PTI13A','P','97324219',20142,'Y');
insert  into `tr_kuliah`(`nim`,`kelas`,`jenis`,`kode_mk`,`kode_semester`,`aktif`) values ('13050974023','PTI13B','T','97324209',20142,'Y');
insert  into `tr_kuliah`(`nim`,`kelas`,`jenis`,`kode_mk`,`kode_semester`,`aktif`) values ('13050974023','PTI13A','P','97324219',20142,'Y');
insert  into `tr_kuliah`(`nim`,`kelas`,`jenis`,`kode_mk`,`kode_semester`,`aktif`) values ('13050974024','PTI13A','T','97324209',20142,'Y');
insert  into `tr_kuliah`(`nim`,`kelas`,`jenis`,`kode_mk`,`kode_semester`,`aktif`) values ('13050974024','PTI13A','P','97324219',20142,'Y');
insert  into `tr_kuliah`(`nim`,`kelas`,`jenis`,`kode_mk`,`kode_semester`,`aktif`) values ('13050974025','PTI13B','T','97324209',20142,'Y');
insert  into `tr_kuliah`(`nim`,`kelas`,`jenis`,`kode_mk`,`kode_semester`,`aktif`) values ('13050974025','PTI13A','P','97324219',20142,'Y');
insert  into `tr_kuliah`(`nim`,`kelas`,`jenis`,`kode_mk`,`kode_semester`,`aktif`) values ('13050974027','PTI13A','T','97324209',20142,'Y');
insert  into `tr_kuliah`(`nim`,`kelas`,`jenis`,`kode_mk`,`kode_semester`,`aktif`) values ('13050974027','PTI13A','P','97324219',20142,'Y');
insert  into `tr_kuliah`(`nim`,`kelas`,`jenis`,`kode_mk`,`kode_semester`,`aktif`) values ('13050974028','PTI13A','T','97324209',20142,'Y');
insert  into `tr_kuliah`(`nim`,`kelas`,`jenis`,`kode_mk`,`kode_semester`,`aktif`) values ('13050974028','PTI13A','P','97324219',20142,'Y');
insert  into `tr_kuliah`(`nim`,`kelas`,`jenis`,`kode_mk`,`kode_semester`,`aktif`) values ('13050974029','PTI13A','T','97324209',20142,'Y');
insert  into `tr_kuliah`(`nim`,`kelas`,`jenis`,`kode_mk`,`kode_semester`,`aktif`) values ('13050974029','PTI13A','P','97324219',20142,'Y');
insert  into `tr_kuliah`(`nim`,`kelas`,`jenis`,`kode_mk`,`kode_semester`,`aktif`) values ('13050974030','PTI13B','T','97324209',20142,'Y');
insert  into `tr_kuliah`(`nim`,`kelas`,`jenis`,`kode_mk`,`kode_semester`,`aktif`) values ('13050974030','PTI13C','P','97324219',20142,'Y');
insert  into `tr_kuliah`(`nim`,`kelas`,`jenis`,`kode_mk`,`kode_semester`,`aktif`) values ('13050974031','PTI13A','T','97324209',20142,'Y');
insert  into `tr_kuliah`(`nim`,`kelas`,`jenis`,`kode_mk`,`kode_semester`,`aktif`) values ('13050974031','PTI13A','P','97324219',20142,'Y');
insert  into `tr_kuliah`(`nim`,`kelas`,`jenis`,`kode_mk`,`kode_semester`,`aktif`) values ('13050974032','PTI13B','T','97324209',20142,'Y');
insert  into `tr_kuliah`(`nim`,`kelas`,`jenis`,`kode_mk`,`kode_semester`,`aktif`) values ('13050974032','PTI13C','P','97324219',20142,'Y');
insert  into `tr_kuliah`(`nim`,`kelas`,`jenis`,`kode_mk`,`kode_semester`,`aktif`) values ('13050974033','PTI13A','T','97324209',20142,'Y');
insert  into `tr_kuliah`(`nim`,`kelas`,`jenis`,`kode_mk`,`kode_semester`,`aktif`) values ('13050974033','PTI13A','P','97324219',20142,'Y');
insert  into `tr_kuliah`(`nim`,`kelas`,`jenis`,`kode_mk`,`kode_semester`,`aktif`) values ('13050974034','PTI13A','T','97324209',20142,'Y');
insert  into `tr_kuliah`(`nim`,`kelas`,`jenis`,`kode_mk`,`kode_semester`,`aktif`) values ('13050974034','PTI13A','P','97324219',20142,'Y');
insert  into `tr_kuliah`(`nim`,`kelas`,`jenis`,`kode_mk`,`kode_semester`,`aktif`) values ('13050974035','PTI13A','T','97324209',20142,'Y');
insert  into `tr_kuliah`(`nim`,`kelas`,`jenis`,`kode_mk`,`kode_semester`,`aktif`) values ('13050974035','PTI13A','P','97324219',20142,'Y');
insert  into `tr_kuliah`(`nim`,`kelas`,`jenis`,`kode_mk`,`kode_semester`,`aktif`) values ('13050974037','PTI13A','T','97324209',20142,'Y');
insert  into `tr_kuliah`(`nim`,`kelas`,`jenis`,`kode_mk`,`kode_semester`,`aktif`) values ('13050974037','PTI13A','P','97324219',20142,'Y');
insert  into `tr_kuliah`(`nim`,`kelas`,`jenis`,`kode_mk`,`kode_semester`,`aktif`) values ('13050974038','PTI13A','T','97324209',20142,'Y');
insert  into `tr_kuliah`(`nim`,`kelas`,`jenis`,`kode_mk`,`kode_semester`,`aktif`) values ('13050974038','PTI13A','P','97324219',20142,'Y');
insert  into `tr_kuliah`(`nim`,`kelas`,`jenis`,`kode_mk`,`kode_semester`,`aktif`) values ('13050974039','PTI13B','T','97324209',20142,'Y');
insert  into `tr_kuliah`(`nim`,`kelas`,`jenis`,`kode_mk`,`kode_semester`,`aktif`) values ('13050974039','PTI13C','P','97324219',20142,'Y');
insert  into `tr_kuliah`(`nim`,`kelas`,`jenis`,`kode_mk`,`kode_semester`,`aktif`) values ('13050974040','PTI13A','T','97324209',20142,'Y');
insert  into `tr_kuliah`(`nim`,`kelas`,`jenis`,`kode_mk`,`kode_semester`,`aktif`) values ('13050974040','PTI13A','P','97324219',20142,'Y');
insert  into `tr_kuliah`(`nim`,`kelas`,`jenis`,`kode_mk`,`kode_semester`,`aktif`) values ('13050974041','PTI13A','T','97324209',20142,'Y');
insert  into `tr_kuliah`(`nim`,`kelas`,`jenis`,`kode_mk`,`kode_semester`,`aktif`) values ('13050974041','PTI13B','P','97324219',20142,'Y');
insert  into `tr_kuliah`(`nim`,`kelas`,`jenis`,`kode_mk`,`kode_semester`,`aktif`) values ('13050974042','PTI13A','T','97324209',20142,'Y');
insert  into `tr_kuliah`(`nim`,`kelas`,`jenis`,`kode_mk`,`kode_semester`,`aktif`) values ('13050974042','PTI13A','P','97324219',20142,'Y');
insert  into `tr_kuliah`(`nim`,`kelas`,`jenis`,`kode_mk`,`kode_semester`,`aktif`) values ('13050974043','PTI13A','T','97324209',20142,'Y');
insert  into `tr_kuliah`(`nim`,`kelas`,`jenis`,`kode_mk`,`kode_semester`,`aktif`) values ('13050974043','PTI13A','P','97324219',20142,'Y');
insert  into `tr_kuliah`(`nim`,`kelas`,`jenis`,`kode_mk`,`kode_semester`,`aktif`) values ('13050974044','PTI13A','T','97324209',20142,'Y');
insert  into `tr_kuliah`(`nim`,`kelas`,`jenis`,`kode_mk`,`kode_semester`,`aktif`) values ('13050974044','PTI13A','P','97324219',20142,'Y');
insert  into `tr_kuliah`(`nim`,`kelas`,`jenis`,`kode_mk`,`kode_semester`,`aktif`) values ('13050974045','PTI13C','T','97324209',20142,'Y');
insert  into `tr_kuliah`(`nim`,`kelas`,`jenis`,`kode_mk`,`kode_semester`,`aktif`) values ('13050974046','PTI13A','T','97324209',20142,'Y');
insert  into `tr_kuliah`(`nim`,`kelas`,`jenis`,`kode_mk`,`kode_semester`,`aktif`) values ('13050974046','PTI13A','P','97324219',20142,'Y');
insert  into `tr_kuliah`(`nim`,`kelas`,`jenis`,`kode_mk`,`kode_semester`,`aktif`) values ('13050974048','PTI13B','T','97324209',20142,'Y');
insert  into `tr_kuliah`(`nim`,`kelas`,`jenis`,`kode_mk`,`kode_semester`,`aktif`) values ('13050974048','PTI13A','P','97324219',20142,'Y');
insert  into `tr_kuliah`(`nim`,`kelas`,`jenis`,`kode_mk`,`kode_semester`,`aktif`) values ('13050974049','PTI13A','T','97324209',20142,'Y');
insert  into `tr_kuliah`(`nim`,`kelas`,`jenis`,`kode_mk`,`kode_semester`,`aktif`) values ('13050974049','PTI13A','P','97324219',20142,'Y');
insert  into `tr_kuliah`(`nim`,`kelas`,`jenis`,`kode_mk`,`kode_semester`,`aktif`) values ('13050974050','PTI13A','T','97324209',20142,'Y');
insert  into `tr_kuliah`(`nim`,`kelas`,`jenis`,`kode_mk`,`kode_semester`,`aktif`) values ('13050974050','PTI13A','P','97324219',20142,'Y');
insert  into `tr_kuliah`(`nim`,`kelas`,`jenis`,`kode_mk`,`kode_semester`,`aktif`) values ('13050974051','PTI13B','P','97324219',20142,'Y');
insert  into `tr_kuliah`(`nim`,`kelas`,`jenis`,`kode_mk`,`kode_semester`,`aktif`) values ('13050974052','PTI13C','P','97324219',20142,'Y');
insert  into `tr_kuliah`(`nim`,`kelas`,`jenis`,`kode_mk`,`kode_semester`,`aktif`) values ('13050974053','PTI13B','P','97324219',20142,'Y');
insert  into `tr_kuliah`(`nim`,`kelas`,`jenis`,`kode_mk`,`kode_semester`,`aktif`) values ('13050974054','PTI13C','P','97324219',20142,'Y');
insert  into `tr_kuliah`(`nim`,`kelas`,`jenis`,`kode_mk`,`kode_semester`,`aktif`) values ('13050974055','PTI13B','P','97324219',20142,'Y');
insert  into `tr_kuliah`(`nim`,`kelas`,`jenis`,`kode_mk`,`kode_semester`,`aktif`) values ('13050974056','PTI13C','P','97324219',20142,'Y');
insert  into `tr_kuliah`(`nim`,`kelas`,`jenis`,`kode_mk`,`kode_semester`,`aktif`) values ('13050974057','PTI13C','P','97324219',20142,'Y');
insert  into `tr_kuliah`(`nim`,`kelas`,`jenis`,`kode_mk`,`kode_semester`,`aktif`) values ('13050974059','PTI13B','P','97324219',20142,'Y');
insert  into `tr_kuliah`(`nim`,`kelas`,`jenis`,`kode_mk`,`kode_semester`,`aktif`) values ('13050974060','PTI13C','P','97324219',20142,'Y');
insert  into `tr_kuliah`(`nim`,`kelas`,`jenis`,`kode_mk`,`kode_semester`,`aktif`) values ('13050974061','PTI13B','T','97324209',20142,'Y');
insert  into `tr_kuliah`(`nim`,`kelas`,`jenis`,`kode_mk`,`kode_semester`,`aktif`) values ('13050974061','PTI13B','P','97324219',20142,'Y');
insert  into `tr_kuliah`(`nim`,`kelas`,`jenis`,`kode_mk`,`kode_semester`,`aktif`) values ('13050974062','PTI13C','P','97324219',20142,'Y');
insert  into `tr_kuliah`(`nim`,`kelas`,`jenis`,`kode_mk`,`kode_semester`,`aktif`) values ('13050974063','PTI13B','P','97324219',20142,'Y');
insert  into `tr_kuliah`(`nim`,`kelas`,`jenis`,`kode_mk`,`kode_semester`,`aktif`) values ('13050974064','PTI13B','P','97324219',20142,'Y');
insert  into `tr_kuliah`(`nim`,`kelas`,`jenis`,`kode_mk`,`kode_semester`,`aktif`) values ('13050974065','PTI13B','P','97324219',20142,'Y');
insert  into `tr_kuliah`(`nim`,`kelas`,`jenis`,`kode_mk`,`kode_semester`,`aktif`) values ('13050974067','PTI13C','P','97324219',20142,'Y');
insert  into `tr_kuliah`(`nim`,`kelas`,`jenis`,`kode_mk`,`kode_semester`,`aktif`) values ('13050974068','PTI13B','P','97324219',20142,'Y');
insert  into `tr_kuliah`(`nim`,`kelas`,`jenis`,`kode_mk`,`kode_semester`,`aktif`) values ('13050974069','PTI13C','P','97324219',20142,'Y');
insert  into `tr_kuliah`(`nim`,`kelas`,`jenis`,`kode_mk`,`kode_semester`,`aktif`) values ('13050974070','PTI13C','P','97324219',20142,'Y');
insert  into `tr_kuliah`(`nim`,`kelas`,`jenis`,`kode_mk`,`kode_semester`,`aktif`) values ('13050974071','PTI13B','P','97324219',20142,'Y');
insert  into `tr_kuliah`(`nim`,`kelas`,`jenis`,`kode_mk`,`kode_semester`,`aktif`) values ('13050974072','PTI13C','P','97324219',20142,'Y');
insert  into `tr_kuliah`(`nim`,`kelas`,`jenis`,`kode_mk`,`kode_semester`,`aktif`) values ('13050974073','PTI13B','P','97324219',20142,'Y');
insert  into `tr_kuliah`(`nim`,`kelas`,`jenis`,`kode_mk`,`kode_semester`,`aktif`) values ('13050974074','PTI13B','P','97324219',20142,'Y');
insert  into `tr_kuliah`(`nim`,`kelas`,`jenis`,`kode_mk`,`kode_semester`,`aktif`) values ('13050974075','PTI13C','P','97324219',20142,'Y');
insert  into `tr_kuliah`(`nim`,`kelas`,`jenis`,`kode_mk`,`kode_semester`,`aktif`) values ('13050974076','PTI13C','P','97324219',20142,'Y');
insert  into `tr_kuliah`(`nim`,`kelas`,`jenis`,`kode_mk`,`kode_semester`,`aktif`) values ('13050974077','PTI13B','P','97324219',20142,'Y');
insert  into `tr_kuliah`(`nim`,`kelas`,`jenis`,`kode_mk`,`kode_semester`,`aktif`) values ('13050974078','PTI13B','P','97324219',20142,'Y');
insert  into `tr_kuliah`(`nim`,`kelas`,`jenis`,`kode_mk`,`kode_semester`,`aktif`) values ('13050974080','PTI13C','P','97324219',20142,'Y');
insert  into `tr_kuliah`(`nim`,`kelas`,`jenis`,`kode_mk`,`kode_semester`,`aktif`) values ('13050974081','PTI13B','P','97324219',20142,'Y');
insert  into `tr_kuliah`(`nim`,`kelas`,`jenis`,`kode_mk`,`kode_semester`,`aktif`) values ('13050974082','PTI13C','P','97324219',20142,'Y');
insert  into `tr_kuliah`(`nim`,`kelas`,`jenis`,`kode_mk`,`kode_semester`,`aktif`) values ('13050974083','PTI13C','P','97324219',20142,'Y');
insert  into `tr_kuliah`(`nim`,`kelas`,`jenis`,`kode_mk`,`kode_semester`,`aktif`) values ('13050974084','PTI13C','P','97324219',20142,'Y');
insert  into `tr_kuliah`(`nim`,`kelas`,`jenis`,`kode_mk`,`kode_semester`,`aktif`) values ('13050974085','PTI13C','P','97324219',20142,'Y');
insert  into `tr_kuliah`(`nim`,`kelas`,`jenis`,`kode_mk`,`kode_semester`,`aktif`) values ('13050974087','PTI13B','P','97324219',20142,'Y');
insert  into `tr_kuliah`(`nim`,`kelas`,`jenis`,`kode_mk`,`kode_semester`,`aktif`) values ('13050974088','PTI13C','P','97324219',20142,'Y');
insert  into `tr_kuliah`(`nim`,`kelas`,`jenis`,`kode_mk`,`kode_semester`,`aktif`) values ('13050974089','PTI13B','P','97324219',20142,'Y');
insert  into `tr_kuliah`(`nim`,`kelas`,`jenis`,`kode_mk`,`kode_semester`,`aktif`) values ('13050974090','PTI13C','P','97324219',20142,'Y');
insert  into `tr_kuliah`(`nim`,`kelas`,`jenis`,`kode_mk`,`kode_semester`,`aktif`) values ('13050974091','PTI13B','P','97324219',20142,'Y');
insert  into `tr_kuliah`(`nim`,`kelas`,`jenis`,`kode_mk`,`kode_semester`,`aktif`) values ('13050974092','PTI13C','P','97324219',20142,'Y');
insert  into `tr_kuliah`(`nim`,`kelas`,`jenis`,`kode_mk`,`kode_semester`,`aktif`) values ('13050974093','PTI13C','P','97324219',20142,'Y');
insert  into `tr_kuliah`(`nim`,`kelas`,`jenis`,`kode_mk`,`kode_semester`,`aktif`) values ('13050974094','PTI13C','P','97324219',20142,'Y');
insert  into `tr_kuliah`(`nim`,`kelas`,`jenis`,`kode_mk`,`kode_semester`,`aktif`) values ('13050974095','PTI13C','P','97324219',20142,'Y');
insert  into `tr_kuliah`(`nim`,`kelas`,`jenis`,`kode_mk`,`kode_semester`,`aktif`) values ('13050974096','PTI13C','P','97324219',20142,'Y');
insert  into `tr_kuliah`(`nim`,`kelas`,`jenis`,`kode_mk`,`kode_semester`,`aktif`) values ('13050974097','PTI13B','P','97324219',20142,'Y');
insert  into `tr_kuliah`(`nim`,`kelas`,`jenis`,`kode_mk`,`kode_semester`,`aktif`) values ('13050974098','PTI13B','P','97324219',20142,'Y');
insert  into `tr_kuliah`(`nim`,`kelas`,`jenis`,`kode_mk`,`kode_semester`,`aktif`) values ('13050974099','PTI13B','P','97324219',20142,'Y');
insert  into `tr_kuliah`(`nim`,`kelas`,`jenis`,`kode_mk`,`kode_semester`,`aktif`) values ('14050974001','A','T','050974',201502,'Y');
insert  into `tr_kuliah`(`nim`,`kelas`,`jenis`,`kode_mk`,`kode_semester`,`aktif`) values ('14050974002','A','T','050974',201502,'Y');
insert  into `tr_kuliah`(`nim`,`kelas`,`jenis`,`kode_mk`,`kode_semester`,`aktif`) values ('14050974003','A','T','050974',201502,'Y');
insert  into `tr_kuliah`(`nim`,`kelas`,`jenis`,`kode_mk`,`kode_semester`,`aktif`) values ('14050974004','A','T','050974',201502,'Y');
insert  into `tr_kuliah`(`nim`,`kelas`,`jenis`,`kode_mk`,`kode_semester`,`aktif`) values ('14050974005','A','T','050974',201502,'Y');
insert  into `tr_kuliah`(`nim`,`kelas`,`jenis`,`kode_mk`,`kode_semester`,`aktif`) values ('14050974007','A','T','050974',201502,'Y');
insert  into `tr_kuliah`(`nim`,`kelas`,`jenis`,`kode_mk`,`kode_semester`,`aktif`) values ('14050974008','A','T','050974',201502,'Y');
insert  into `tr_kuliah`(`nim`,`kelas`,`jenis`,`kode_mk`,`kode_semester`,`aktif`) values ('14050974009','A','T','050974',201502,'Y');
insert  into `tr_kuliah`(`nim`,`kelas`,`jenis`,`kode_mk`,`kode_semester`,`aktif`) values ('14050974010','A','T','050974',201502,'Y');
insert  into `tr_kuliah`(`nim`,`kelas`,`jenis`,`kode_mk`,`kode_semester`,`aktif`) values ('14050974011','A','T','050974',201502,'Y');
insert  into `tr_kuliah`(`nim`,`kelas`,`jenis`,`kode_mk`,`kode_semester`,`aktif`) values ('14050974012','A','T','050974',201502,'Y');
insert  into `tr_kuliah`(`nim`,`kelas`,`jenis`,`kode_mk`,`kode_semester`,`aktif`) values ('14050974013','A','T','050974',201502,'Y');
insert  into `tr_kuliah`(`nim`,`kelas`,`jenis`,`kode_mk`,`kode_semester`,`aktif`) values ('14050974014','A','T','050974',201502,'Y');
insert  into `tr_kuliah`(`nim`,`kelas`,`jenis`,`kode_mk`,`kode_semester`,`aktif`) values ('14050974015','A','T','050974',201502,'Y');
insert  into `tr_kuliah`(`nim`,`kelas`,`jenis`,`kode_mk`,`kode_semester`,`aktif`) values ('14050974016','A','T','050974',201502,'Y');
insert  into `tr_kuliah`(`nim`,`kelas`,`jenis`,`kode_mk`,`kode_semester`,`aktif`) values ('14050974017','A','T','050974',201502,'Y');
insert  into `tr_kuliah`(`nim`,`kelas`,`jenis`,`kode_mk`,`kode_semester`,`aktif`) values ('14050974018','A','T','050974',201502,'Y');
insert  into `tr_kuliah`(`nim`,`kelas`,`jenis`,`kode_mk`,`kode_semester`,`aktif`) values ('14050974019','A','T','050974',201502,'Y');
insert  into `tr_kuliah`(`nim`,`kelas`,`jenis`,`kode_mk`,`kode_semester`,`aktif`) values ('14050974020','A','T','050974',201502,'Y');
insert  into `tr_kuliah`(`nim`,`kelas`,`jenis`,`kode_mk`,`kode_semester`,`aktif`) values ('14050974021','A','T','050974',201502,'Y');
insert  into `tr_kuliah`(`nim`,`kelas`,`jenis`,`kode_mk`,`kode_semester`,`aktif`) values ('14050974022','A','T','050974',201502,'Y');
insert  into `tr_kuliah`(`nim`,`kelas`,`jenis`,`kode_mk`,`kode_semester`,`aktif`) values ('14050974023','A','T','050974',201502,'Y');
insert  into `tr_kuliah`(`nim`,`kelas`,`jenis`,`kode_mk`,`kode_semester`,`aktif`) values ('14050974024','A','T','050974',201502,'Y');
insert  into `tr_kuliah`(`nim`,`kelas`,`jenis`,`kode_mk`,`kode_semester`,`aktif`) values ('14050974025','A','T','050974',201502,'Y');
insert  into `tr_kuliah`(`nim`,`kelas`,`jenis`,`kode_mk`,`kode_semester`,`aktif`) values ('14050974026','A','T','050974',201502,'Y');
insert  into `tr_kuliah`(`nim`,`kelas`,`jenis`,`kode_mk`,`kode_semester`,`aktif`) values ('14050974027','A','T','050974',201502,'Y');
insert  into `tr_kuliah`(`nim`,`kelas`,`jenis`,`kode_mk`,`kode_semester`,`aktif`) values ('14050974028','A','T','050974',201502,'Y');
insert  into `tr_kuliah`(`nim`,`kelas`,`jenis`,`kode_mk`,`kode_semester`,`aktif`) values ('14050974029','A','T','050974',201502,'Y');
insert  into `tr_kuliah`(`nim`,`kelas`,`jenis`,`kode_mk`,`kode_semester`,`aktif`) values ('14050974030','PTI13B','T','97324209',20142,'Y');
insert  into `tr_kuliah`(`nim`,`kelas`,`jenis`,`kode_mk`,`kode_semester`,`aktif`) values ('14050974030','PTI13B','P','97324219',20142,'Y');
insert  into `tr_kuliah`(`nim`,`kelas`,`jenis`,`kode_mk`,`kode_semester`,`aktif`) values ('14050974031','B','T','050974',201502,'Y');
insert  into `tr_kuliah`(`nim`,`kelas`,`jenis`,`kode_mk`,`kode_semester`,`aktif`) values ('14050974032','B','T','050974',201502,'Y');
insert  into `tr_kuliah`(`nim`,`kelas`,`jenis`,`kode_mk`,`kode_semester`,`aktif`) values ('14050974033','B','T','050974',201502,'Y');
insert  into `tr_kuliah`(`nim`,`kelas`,`jenis`,`kode_mk`,`kode_semester`,`aktif`) values ('14050974034','PTI13B','T','97324209',20142,'Y');
insert  into `tr_kuliah`(`nim`,`kelas`,`jenis`,`kode_mk`,`kode_semester`,`aktif`) values ('14050974034','PTI13B','P','97324219',20142,'Y');
insert  into `tr_kuliah`(`nim`,`kelas`,`jenis`,`kode_mk`,`kode_semester`,`aktif`) values ('14050974036','B','T','050974',201502,'Y');
insert  into `tr_kuliah`(`nim`,`kelas`,`jenis`,`kode_mk`,`kode_semester`,`aktif`) values ('14050974037','PTI13B','T','97324209',20142,'Y');
insert  into `tr_kuliah`(`nim`,`kelas`,`jenis`,`kode_mk`,`kode_semester`,`aktif`) values ('14050974038','B','T','050974',201502,'Y');
insert  into `tr_kuliah`(`nim`,`kelas`,`jenis`,`kode_mk`,`kode_semester`,`aktif`) values ('14050974040','B','T','050974',201502,'Y');
insert  into `tr_kuliah`(`nim`,`kelas`,`jenis`,`kode_mk`,`kode_semester`,`aktif`) values ('14050974042','PTI13B','T','97324209',20142,'Y');
insert  into `tr_kuliah`(`nim`,`kelas`,`jenis`,`kode_mk`,`kode_semester`,`aktif`) values ('14050974042','PTI13B','P','97324219',20142,'Y');
insert  into `tr_kuliah`(`nim`,`kelas`,`jenis`,`kode_mk`,`kode_semester`,`aktif`) values ('14050974043','B','T','050974',201502,'Y');
insert  into `tr_kuliah`(`nim`,`kelas`,`jenis`,`kode_mk`,`kode_semester`,`aktif`) values ('14050974045','B','T','050974',201502,'Y');
insert  into `tr_kuliah`(`nim`,`kelas`,`jenis`,`kode_mk`,`kode_semester`,`aktif`) values ('14050974046','PTI13B','T','97324209',20142,'Y');
insert  into `tr_kuliah`(`nim`,`kelas`,`jenis`,`kode_mk`,`kode_semester`,`aktif`) values ('14050974047','PTI13B','T','97324209',20142,'Y');
insert  into `tr_kuliah`(`nim`,`kelas`,`jenis`,`kode_mk`,`kode_semester`,`aktif`) values ('14050974047','PTI13B','P','97324219',20142,'Y');
insert  into `tr_kuliah`(`nim`,`kelas`,`jenis`,`kode_mk`,`kode_semester`,`aktif`) values ('14050974048','B','T','050974',201502,'Y');
insert  into `tr_kuliah`(`nim`,`kelas`,`jenis`,`kode_mk`,`kode_semester`,`aktif`) values ('14050974049','B','T','050974',201502,'Y');
insert  into `tr_kuliah`(`nim`,`kelas`,`jenis`,`kode_mk`,`kode_semester`,`aktif`) values ('14050974050','B','T','050974',201502,'Y');
insert  into `tr_kuliah`(`nim`,`kelas`,`jenis`,`kode_mk`,`kode_semester`,`aktif`) values ('14050974051','PTI13B','T','97324209',20142,'Y');
insert  into `tr_kuliah`(`nim`,`kelas`,`jenis`,`kode_mk`,`kode_semester`,`aktif`) values ('14050974051','PTI13B','P','97324219',20142,'Y');
insert  into `tr_kuliah`(`nim`,`kelas`,`jenis`,`kode_mk`,`kode_semester`,`aktif`) values ('14050974052','PTI13B','T','97324209',20142,'Y');
insert  into `tr_kuliah`(`nim`,`kelas`,`jenis`,`kode_mk`,`kode_semester`,`aktif`) values ('14050974052','PTI13B','P','97324219',20142,'Y');
insert  into `tr_kuliah`(`nim`,`kelas`,`jenis`,`kode_mk`,`kode_semester`,`aktif`) values ('14050974053','PTI13B','T','97324209',20142,'Y');
insert  into `tr_kuliah`(`nim`,`kelas`,`jenis`,`kode_mk`,`kode_semester`,`aktif`) values ('14050974054','B','T','050974',201502,'Y');
insert  into `tr_kuliah`(`nim`,`kelas`,`jenis`,`kode_mk`,`kode_semester`,`aktif`) values ('14050974055','B','T','050974',201502,'Y');
insert  into `tr_kuliah`(`nim`,`kelas`,`jenis`,`kode_mk`,`kode_semester`,`aktif`) values ('14050974056','B','T','050974',201502,'Y');
insert  into `tr_kuliah`(`nim`,`kelas`,`jenis`,`kode_mk`,`kode_semester`,`aktif`) values ('14050974057','PTI13B','T','97324209',20142,'Y');
insert  into `tr_kuliah`(`nim`,`kelas`,`jenis`,`kode_mk`,`kode_semester`,`aktif`) values ('14050974057','PTI13B','P','97324219',20142,'Y');
insert  into `tr_kuliah`(`nim`,`kelas`,`jenis`,`kode_mk`,`kode_semester`,`aktif`) values ('14050974058','PTI13B','T','97324209',20142,'Y');
insert  into `tr_kuliah`(`nim`,`kelas`,`jenis`,`kode_mk`,`kode_semester`,`aktif`) values ('14050974058','PTI13C','P','97324219',20142,'Y');
insert  into `tr_kuliah`(`nim`,`kelas`,`jenis`,`kode_mk`,`kode_semester`,`aktif`) values ('14050974059','PTI13B','T','97324209',20142,'Y');
insert  into `tr_kuliah`(`nim`,`kelas`,`jenis`,`kode_mk`,`kode_semester`,`aktif`) values ('14050974059','PTI13B','P','97324219',20142,'Y');
insert  into `tr_kuliah`(`nim`,`kelas`,`jenis`,`kode_mk`,`kode_semester`,`aktif`) values ('14050974060','C','T','050974',201502,'Y');
insert  into `tr_kuliah`(`nim`,`kelas`,`jenis`,`kode_mk`,`kode_semester`,`aktif`) values ('14050974061','C','T','050974',201502,'Y');
insert  into `tr_kuliah`(`nim`,`kelas`,`jenis`,`kode_mk`,`kode_semester`,`aktif`) values ('14050974062','C','T','050974',201502,'Y');
insert  into `tr_kuliah`(`nim`,`kelas`,`jenis`,`kode_mk`,`kode_semester`,`aktif`) values ('14050974063','C','T','050974',201502,'Y');
insert  into `tr_kuliah`(`nim`,`kelas`,`jenis`,`kode_mk`,`kode_semester`,`aktif`) values ('14050974064','C','T','050974',201502,'Y');
insert  into `tr_kuliah`(`nim`,`kelas`,`jenis`,`kode_mk`,`kode_semester`,`aktif`) values ('14050974065','C','T','050974',201502,'Y');
insert  into `tr_kuliah`(`nim`,`kelas`,`jenis`,`kode_mk`,`kode_semester`,`aktif`) values ('14050974066','C','T','050974',201502,'Y');
insert  into `tr_kuliah`(`nim`,`kelas`,`jenis`,`kode_mk`,`kode_semester`,`aktif`) values ('14050974067','C','T','050974',201502,'Y');
insert  into `tr_kuliah`(`nim`,`kelas`,`jenis`,`kode_mk`,`kode_semester`,`aktif`) values ('14050974068','C','T','050974',201502,'Y');
insert  into `tr_kuliah`(`nim`,`kelas`,`jenis`,`kode_mk`,`kode_semester`,`aktif`) values ('14050974070','C','T','050974',201502,'Y');
insert  into `tr_kuliah`(`nim`,`kelas`,`jenis`,`kode_mk`,`kode_semester`,`aktif`) values ('14050974071','C','T','050974',201502,'Y');
insert  into `tr_kuliah`(`nim`,`kelas`,`jenis`,`kode_mk`,`kode_semester`,`aktif`) values ('14050974072','C','T','050974',201502,'Y');
insert  into `tr_kuliah`(`nim`,`kelas`,`jenis`,`kode_mk`,`kode_semester`,`aktif`) values ('14050974073','C','T','050974',201502,'Y');
insert  into `tr_kuliah`(`nim`,`kelas`,`jenis`,`kode_mk`,`kode_semester`,`aktif`) values ('14050974074','C','T','050974',201502,'Y');
insert  into `tr_kuliah`(`nim`,`kelas`,`jenis`,`kode_mk`,`kode_semester`,`aktif`) values ('14050974075','C','T','050974',201502,'Y');
insert  into `tr_kuliah`(`nim`,`kelas`,`jenis`,`kode_mk`,`kode_semester`,`aktif`) values ('14050974076','C','T','050974',201502,'Y');
insert  into `tr_kuliah`(`nim`,`kelas`,`jenis`,`kode_mk`,`kode_semester`,`aktif`) values ('14050974077','C','T','050974',201502,'Y');
insert  into `tr_kuliah`(`nim`,`kelas`,`jenis`,`kode_mk`,`kode_semester`,`aktif`) values ('14050974078','C','T','050974',201502,'Y');
insert  into `tr_kuliah`(`nim`,`kelas`,`jenis`,`kode_mk`,`kode_semester`,`aktif`) values ('14050974079','C','T','050974',201502,'Y');
insert  into `tr_kuliah`(`nim`,`kelas`,`jenis`,`kode_mk`,`kode_semester`,`aktif`) values ('14050974080','C','T','050974',201502,'Y');
insert  into `tr_kuliah`(`nim`,`kelas`,`jenis`,`kode_mk`,`kode_semester`,`aktif`) values ('14050974081','C','T','050974',201502,'Y');
insert  into `tr_kuliah`(`nim`,`kelas`,`jenis`,`kode_mk`,`kode_semester`,`aktif`) values ('14050974082','C','T','050974',201502,'Y');
insert  into `tr_kuliah`(`nim`,`kelas`,`jenis`,`kode_mk`,`kode_semester`,`aktif`) values ('14050974083','C','T','050974',201502,'Y');
insert  into `tr_kuliah`(`nim`,`kelas`,`jenis`,`kode_mk`,`kode_semester`,`aktif`) values ('14050974084','C','T','050974',201502,'Y');
insert  into `tr_kuliah`(`nim`,`kelas`,`jenis`,`kode_mk`,`kode_semester`,`aktif`) values ('14050974085','C','T','050974',201502,'Y');
insert  into `tr_kuliah`(`nim`,`kelas`,`jenis`,`kode_mk`,`kode_semester`,`aktif`) values ('14050974086','C','T','050974',201502,'Y');
insert  into `tr_kuliah`(`nim`,`kelas`,`jenis`,`kode_mk`,`kode_semester`,`aktif`) values ('14050974087','C','T','050974',201502,'Y');
insert  into `tr_kuliah`(`nim`,`kelas`,`jenis`,`kode_mk`,`kode_semester`,`aktif`) values ('14050974088','PTI13C','T','97324209',20142,'Y');
insert  into `tr_kuliah`(`nim`,`kelas`,`jenis`,`kode_mk`,`kode_semester`,`aktif`) values ('14050974088','PTI13C','P','97324219',20142,'Y');

/*!40101 SET SQL_MODE=@OLD_SQL_MODE */;